source_api,event_id,mag,mag_type,place,time_epoch,time_iso,updated_iso,url,felt,cdi,mmi,alert,status,tsunami,sig,net,code,nst,dmin,rms,gap,event_type,geometry_type,longitude,latitude,depth,title
usgs,us6000rjmj,4.4,mb,"208 km SE of Pondaguitan, Philippines",1761504351141,2025-10-26T18:45:51.141000+00:00,2026-01-15T22:46:55.040000+00:00,https://earthquake.usgs.gov/earthquakes/eventpage/us6000rjmj,,,,,reviewed,0,298,us,6000rjmj,41,1.94,0.6,75,earthquake,Point,127.4143,4.9429,134.928,"M 4.4 - 208 km SE of Pondaguitan, Philippines"
usgs,us6000rjlr,4.6,mb,"54 km WNW of Pante Makasar, Timor Leste",1761500085229,2025-10-26T17:34:45.229000+00:00,2026-01-15T22:46:55.040000+00:00,https://earthquake.usgs.gov/earthquakes/eventpage/us6000rjlr,,,,,reviewed,0,326,us,6000rjlr,44,0.833,1.18,77,earthquake,Point,123.9429,-8.9813,89.944,"M 4.6 - 54 km WNW of Pante Makasar, Timor Leste"
usgs,us6000rjkv,6.2,mww,"57 km NW of Pante Makasar, Timor Leste",1761498265617,2025-10-26T17:04:25.617000+00:00,2026-01-15T22:46:55.040000+00:00,https://earthquake.usgs.gov/earthquakes/eventpage/us6000rjkv,10.0,4.1,5.286,green,reviewed,0,595,us,6000rjkv,108,0.938,0.93,20,earthquake,Point,123.9887,-8.8524,75.0,"M 6.2 - 57 km NW of Pante Makasar, Timor Leste"
usgs,us6000rjkq,4.7,mb,"167 km SSW of Baubau, Indonesia",1761495535872,2025-10-26T16:18:55.872000+00:00,2026-01-15T22:46:55.040000+00:00,https://earthquake.usgs.gov/earthquakes/eventpage/us6000rjkq,,,,,reviewed,0,340,us,6000rjkq,34,2.058,0.93,78,earthquake,Point,121.8347,-6.7723,10.0,"M 4.7 - 167 km SSW of Baubau, Indonesia"
usgs,us6000rjk6,4.7,mb,"108 km SE of Pondaguitan, Philippines",1761487551488,2025-10-26T14:05:51.488000+00:00,2026-01-15T22:46:54.040000+00:00,https://earthquake.usgs.gov/earthquakes/eventpage/us6000rjk6,,,,,reviewed,0,340,us,6000rjk6,60,1.767,0.55,63,earthquake,Point,126.9419,5.74,103.651,"M 4.7 - 108 km SE of Pondaguitan, Philippines"
usgs,us6000rnc1,4.4,mb,"172 km SSE of Sarangani, Philippines",1761481345859,2025-10-26T12:22:25.859000+00:00,2026-01-15T22:46:54.040000+00:00,https://earthquake.usgs.gov/earthquakes/eventpage/us6000rnc1,,,,,reviewed,0,298,us,6000rnc1,36,0.927,0.79,103,earthquake,Point,125.921,3.9122,143.154,"M 4.4 - 172 km SSE of Sarangani, Philippines"
usgs,us6000rnc0,4.1,mb,"150 km WNW of Tobelo, Indonesia",1761479845904,2025-10-26T11:57:25.904000+00:00,2026-01-15T22:46:54.040000+00:00,https://earthquake.usgs.gov/earthquakes/eventpage/us6000rnc0,,,,,reviewed,0,259,us,6000rnc0,24,2.928,0.82,80,earthquake,Point,126.6924,2.0495,61.506,"M 4.1 - 150 km WNW of Tobelo, Indonesia"
usgs,us6000rnbj,4.1,mb,"68 km SW of Cilacap, Indonesia",1761441606013,2025-10-26T01:20:06.013000+00:00,2026-01-15T22:46:53.040000+00:00,https://earthquake.usgs.gov/earthquakes/eventpage/us6000rnbj,,,,,reviewed,0,259,us,6000rnbj,21,1.16,0.78,106,earthquake,Point,108.5767,-8.1755,104.695,"M 4.1 - 68 km SW of Cilacap, Indonesia"
usgs,us6000rjgy,4.3,mb,"118 km NE of Lospalos, Timor Leste",1761419876243,2025-10-25T19:17:56.243000+00:00,2026-01-15T22:46:53.040000+00:00,https://earthquake.usgs.gov/earthquakes/eventpage/us6000rjgy,,,,,reviewed,0,284,us,6000rjgy,45,3.852,0.89,71,earthquake,Point,127.6784,-7.6963,148.708,"M 4.3 - 118 km NE of Lospalos, Timor Leste"
usgs,us6000rnb9,4.3,mb,"108 km NE of Tual, Indonesia",1761418894434,2025-10-25T19:01:34.434000+00:00,2026-01-15T22:46:53.040000+00:00,https://earthquake.usgs.gov/earthquakes/eventpage/us6000rnb9,,,,,reviewed,0,284,us,6000rnb9,15,2.41,0.49,80,earthquake,Point,133.5001,-4.9949,10.0,"M 4.3 - 108 km NE of Tual, Indonesia"
usgs,us6000rjez,4.5,mb,"264 km N of Lospalos, Timor Leste",1761390598597,2025-10-25T11:09:58.597000+00:00,2026-01-15T22:46:52.040000+00:00,https://earthquake.usgs.gov/earthquakes/eventpage/us6000rjez,,,,,reviewed,0,312,us,6000rjez,45,2.934,0.59,83,earthquake,Point,127.4623,-6.1749,411.927,"M 4.5 - 264 km N of Lospalos, Timor Leste"
usgs,us6000rjdv,4.6,mb,"58 km ENE of Meulaboh, Indonesia",1761368186375,2025-10-25T04:56:26.375000+00:00,2026-01-15T22:46:52.040000+00:00,https://earthquake.usgs.gov/earthquakes/eventpage/us6000rjdv,,,,,reviewed,0,326,us,6000rjdv,37,0.891,1.16,65,earthquake,Point,96.5767,4.412,10.0,"M 4.6 - 58 km ENE of Meulaboh, Indonesia"
usgs,us6000rnav,4.2,mb,"62 km NE of Masamba, Indonesia",1761364757318,2025-10-25T03:59:17.318000+00:00,2026-01-15T22:46:51.040000+00:00,https://earthquake.usgs.gov/earthquakes/eventpage/us6000rnav,,,,,reviewed,0,271,us,6000rnav,15,0.574,1.08,139,earthquake,Point,120.6903,-2.1266,10.0,"M 4.2 - 62 km NE of Masamba, Indonesia"
usgs,us6000rna7,4.2,mb,Banda Sea,1761346952413,2025-10-24T23:02:32.413000+00:00,2026-01-15T22:46:51.040000+00:00,https://earthquake.usgs.gov/earthquakes/eventpage/us6000rna7,,,,,reviewed,0,271,us,6000rna7,10,2.076,0.97,171,earthquake,Point,129.9699,-6.6114,67.947,M 4.2 - Banda Sea
usgs,us6000rja1,4.3,mb,"122 km NNE of Lospalos, Timor Leste",1761333786405,2025-10-24T19:23:06.405000+00:00,2026-01-15T22:46:51.040000+00:00,https://earthquake.usgs.gov/earthquakes/eventpage/us6000rja1,,,,,reviewed,0,284,us,6000rja1,40,3.816,0.94,55,earthquake,Point,127.6016,-7.5953,163.157,"M 4.3 - 122 km NNE of Lospalos, Timor Leste"
usgs,us6000rj9x,4.6,mb,"141 km SW of Fakfak, Indonesia",1761332169708,2025-10-24T18:56:09.708000+00:00,2026-01-15T22:46:51.040000+00:00,https://earthquake.usgs.gov/earthquakes/eventpage/us6000rj9x,,,,,reviewed,0,326,us,6000rj9x,78,1.241,0.75,40,earthquake,Point,131.4925,-3.9109,34.826,"M 4.6 - 141 km SW of Fakfak, Indonesia"
usgs,us6000rn9f,4.4,mb,"154 km WNW of Tobelo, Indonesia",1761287077258,2025-10-24T06:24:37.258000+00:00,2026-01-15T22:46:50.040000+00:00,https://earthquake.usgs.gov/earthquakes/eventpage/us6000rn9f,,,,,reviewed,0,298,us,6000rn9f,39,2.139,1.1,107,earthquake,Point,126.7741,2.3659,65.091,"M 4.4 - 154 km WNW of Tobelo, Indonesia"
usgs,us6000rj23,5.1,mb,"82 km WNW of Pante Makasar, Timor Leste",1761281195220,2025-10-24T04:46:35.220000+00:00,2026-01-15T22:46:49.040000+00:00,https://earthquake.usgs.gov/earthquakes/eventpage/us6000rj23,0.0,1.0,,,reviewed,0,400,us,6000rj23,86,1.077,0.86,50,earthquake,Point,123.7428,-8.8044,109.792,"M 5.1 - 82 km WNW of Pante Makasar, Timor Leste"
usgs,us6000rj0t,4.7,mb,"120 km ESE of Pondaguitan, Philippines",1761257665955,2025-10-23T22:14:25.955000+00:00,2026-01-15T22:46:49.040000+00:00,https://earthquake.usgs.gov/earthquakes/eventpage/us6000rj0t,,,,,reviewed,0,340,us,6000rj0t,45,1.965,1.05,71,earthquake,Point,127.1529,5.8722,30.258,"M 4.7 - 120 km ESE of Pondaguitan, Philippines"
usgs,us6000riva,4.1,mb,"201 km N of Baukau, Timor Leste",1761223208967,2025-10-23T12:40:08.967000+00:00,2026-01-15T22:46:48.040000+00:00,https://earthquake.usgs.gov/earthquakes/eventpage/us6000riva,,,,,reviewed,0,259,us,6000riva,32,3.852,0.56,76,earthquake,Point,126.6796,-6.6663,466.147,"M 4.1 - 201 km N of Baukau, Timor Leste"
usgs,us6000riuj,5.6,mww,"213 km WSW of Tual, Indonesia",1761219969743,2025-10-23T11:46:09.743000+00:00,2026-01-15T22:46:48.040000+00:00,https://earthquake.usgs.gov/earthquakes/eventpage/us6000riuj,1.0,2.0,3.608,green,reviewed,0,483,us,6000riuj,119,1.993,0.93,18,earthquake,Point,130.9239,-6.2493,85.0,"M 5.6 - 213 km WSW of Tual, Indonesia"
usgs,us6000riui,4.8,mb,"79 km SW of Pagar Alam, Indonesia",1761215845668,2025-10-23T10:37:25.668000+00:00,2026-01-15T22:46:48.040000+00:00,https://earthquake.usgs.gov/earthquakes/eventpage/us6000riui,,,,,reviewed,0,354,us,6000riui,57,0.27,0.63,145,earthquake,Point,102.77,-4.5589,65.855,"M 4.8 - 79 km SW of Pagar Alam, Indonesia"
usgs,us6000rip7,4.2,mb,"194 km WNW of Abepura, Indonesia",1761149940629,2025-10-22T16:19:00.629000+00:00,2026-01-15T22:46:47.040000+00:00,https://earthquake.usgs.gov/earthquakes/eventpage/us6000rip7,,,,,reviewed,0,271,us,6000rip7,26,0.965,0.67,78,earthquake,Point,138.9706,-2.0568,35.0,"M 4.2 - 194 km WNW of Abepura, Indonesia"
usgs,us6000rin2,4.1,mb,"231 km SSE of Ambon, Indonesia",1761133399348,2025-10-22T11:43:19.348000+00:00,2026-01-15T22:46:47.040000+00:00,https://earthquake.usgs.gov/earthquakes/eventpage/us6000rin2,,,,,reviewed,0,259,us,6000rin2,29,1.577,0.71,67,earthquake,Point,128.8249,-5.6843,294.906,"M 4.1 - 231 km SSE of Ambon, Indonesia"
usgs,us6000rimr,4.6,mb,"144 km NNE of Labuan Bajo, Indonesia",1761125514514,2025-10-22T09:31:54.514000+00:00,2026-01-15T22:46:47.040000+00:00,https://earthquake.usgs.gov/earthquakes/eventpage/us6000rimr,,,,,reviewed,0,326,us,6000rimr,52,2.282,1.07,47,earthquake,Point,120.2784,-7.2499,577.946,"M 4.6 - 144 km NNE of Labuan Bajo, Indonesia"
usgs,us6000rimh,5.0,mb,"203 km W of Ambon, Indonesia",1761124034024,2025-10-22T09:07:14.024000+00:00,2026-01-15T22:46:47.040000+00:00,https://earthquake.usgs.gov/earthquakes/eventpage/us6000rimh,,,,,reviewed,0,385,us,6000rimh,44,3.565,0.93,45,earthquake,Point,126.3719,-3.97,10.0,"M 5.0 - 203 km W of Ambon, Indonesia"
usgs,us6000rmyw,4.2,mb,"216 km S of Sarangani, Philippines",1761113399157,2025-10-22T06:09:59.157000+00:00,2026-01-15T22:46:47.040000+00:00,https://earthquake.usgs.gov/earthquakes/eventpage/us6000rmyw,,,,,reviewed,0,271,us,6000rmyw,20,1.283,0.62,129,earthquake,Point,125.6907,3.4593,89.265,"M 4.2 - 216 km S of Sarangani, Philippines"
usgs,us6000riil,4.6,mb,"47 km WNW of Kotabumi, Indonesia",1761073380162,2025-10-21T19:03:00.162000+00:00,2026-01-09T15:38:43.040000+00:00,https://earthquake.usgs.gov/earthquakes/eventpage/us6000riil,,,,,reviewed,0,326,us,6000riil,115,0.554,1.05,33,earthquake,Point,104.5146,-4.6036,170.303,"M 4.6 - 47 km WNW of Kotabumi, Indonesia"
usgs,us6000rmt5,4.2,mb,"100 km SSW of Abepura, Indonesia",1761059748723,2025-10-21T15:15:48.723000+00:00,2026-01-09T15:38:47.040000+00:00,https://earthquake.usgs.gov/earthquakes/eventpage/us6000rmt5,,,,,reviewed,0,271,us,6000rmt5,20,1.005,1.02,118,earthquake,Point,140.2569,-3.4221,10.0,"M 4.2 - 100 km SSW of Abepura, Indonesia"
usgs,us6000rifu,4.4,mb,"80 km W of Tobelo, Indonesia",1761051976240,2025-10-21T13:06:16.240000+00:00,2026-01-09T15:38:43.040000+00:00,https://earthquake.usgs.gov/earthquakes/eventpage/us6000rifu,,,,,reviewed,0,298,us,6000rifu,54,2.457,0.65,67,earthquake,Point,127.2828,1.7217,113.135,"M 4.4 - 80 km W of Tobelo, Indonesia"
usgs,us6000riff,4.5,mb,"247 km SSE of Tabiauan, Philippines",1761046079208,2025-10-21T11:27:59.208000+00:00,2026-01-09T15:38:43.040000+00:00,https://earthquake.usgs.gov/earthquakes/eventpage/us6000riff,,,,,reviewed,0,312,us,6000riff,65,2.666,0.54,37,earthquake,Point,122.8975,4.032,556.158,"M 4.5 - 247 km SSE of Tabiauan, Philippines"
usgs,us6000rmtb,4.1,mb,"41 km SE of Kupang, Indonesia",1761045821238,2025-10-21T11:23:41.238000+00:00,2026-01-09T15:38:47.040000+00:00,https://earthquake.usgs.gov/earthquakes/eventpage/us6000rmtb,,,,,reviewed,0,259,us,6000rmtb,17,0.834,0.33,82,earthquake,Point,123.827,-10.4725,10.0,"M 4.1 - 41 km SE of Kupang, Indonesia"
usgs,us6000rmsw,4.3,mb,"77 km NNW of Ternate, Indonesia",1761038979234,2025-10-21T09:29:39.234000+00:00,2026-01-09T15:38:47.040000+00:00,https://earthquake.usgs.gov/earthquakes/eventpage/us6000rmsw,,,,,reviewed,0,284,us,6000rmsw,27,2.306,0.4,79,earthquake,Point,127.1465,1.4483,110.645,"M 4.3 - 77 km NNW of Ternate, Indonesia"
usgs,us6000rmsv,4.4,mb,"161 km W of Tual, Indonesia",1761037578183,2025-10-21T09:06:18.183000+00:00,2026-01-09T15:38:47.040000+00:00,https://earthquake.usgs.gov/earthquakes/eventpage/us6000rmsv,,,,,reviewed,0,298,us,6000rmsv,15,1.952,0.88,131,earthquake,Point,131.3178,-5.8843,23.781,"M 4.4 - 161 km W of Tual, Indonesia"
usgs,us6000riem,4.1,mb,"28 km NW of Waingapu, Indonesia",1761030632855,2025-10-21T07:10:32.855000+00:00,2026-01-09T15:38:43.040000+00:00,https://earthquake.usgs.gov/earthquakes/eventpage/us6000riem,,,,,reviewed,0,259,us,6000riem,24,2.346,1.17,76,earthquake,Point,120.05,-9.5135,84.061,"M 4.1 - 28 km NW of Waingapu, Indonesia"
usgs,us6000rmsn,4.4,mb,"167 km W of Abepura, Indonesia",1761014291417,2025-10-21T02:38:11.417000+00:00,2026-01-09T15:38:47.040000+00:00,https://earthquake.usgs.gov/earthquakes/eventpage/us6000rmsn,,,,,reviewed,0,298,us,6000rmsn,27,1.117,1.12,71,earthquake,Point,139.1544,-2.3293,40.0,"M 4.4 - 167 km W of Abepura, Indonesia"
usgs,us6000rid1,4.6,mb,"178 km N of Metinaro, Timor Leste",1760999515606,2025-10-20T22:31:55.606000+00:00,2026-01-09T15:38:42.040000+00:00,https://earthquake.usgs.gov/earthquakes/eventpage/us6000rid1,,,,,reviewed,0,326,us,6000rid1,86,3.16,0.61,28,earthquake,Point,125.7048,-6.9147,509.074,"M 4.6 - 178 km N of Metinaro, Timor Leste"
usgs,us6000ricc,4.7,mb,"194 km WNW of Abepura, Indonesia",1760986230849,2025-10-20T18:50:30.849000+00:00,2026-01-09T15:38:42.040000+00:00,https://earthquake.usgs.gov/earthquakes/eventpage/us6000ricc,,,,,reviewed,0,340,us,6000ricc,49,0.929,0.48,65,earthquake,Point,138.9499,-2.1261,35.0,"M 4.7 - 194 km WNW of Abepura, Indonesia"
usgs,us6000ribj,5.1,mww,"154 km N of Maumere, Indonesia",1760977008368,2025-10-20T16:16:48.368000+00:00,2026-01-09T15:38:42.040000+00:00,https://earthquake.usgs.gov/earthquakes/eventpage/us6000ribj,,,,,reviewed,0,400,us,6000ribj,91,3.1,0.58,20,earthquake,Point,122.4153,-7.2376,535.316,"M 5.1 - 154 km N of Maumere, Indonesia"
usgs,us6000ribl,4.9,mb,"196 km WNW of Abepura, Indonesia",1760976925378,2025-10-20T16:15:25.378000+00:00,2026-01-09T15:38:42.040000+00:00,https://earthquake.usgs.gov/earthquakes/eventpage/us6000ribl,,,,,reviewed,0,369,us,6000ribl,31,0.957,0.59,73,earthquake,Point,138.9557,-2.0333,35.0,"M 4.9 - 196 km WNW of Abepura, Indonesia"
usgs,us6000rmlz,4.3,mb,"202 km WNW of Tual, Indonesia",1760957781486,2025-10-20T10:56:21.486000+00:00,2026-01-09T15:38:46.040000+00:00,https://earthquake.usgs.gov/earthquakes/eventpage/us6000rmlz,,,,,reviewed,0,284,us,6000rmlz,32,1.227,0.86,70,earthquake,Point,131.0181,-5.0493,42.308,"M 4.3 - 202 km WNW of Tual, Indonesia"
usgs,us6000ri97,4.8,mb,"65 km NW of Waingapu, Indonesia",1760939764876,2025-10-20T05:56:04.876000+00:00,2026-01-09T15:38:42.040000+00:00,https://earthquake.usgs.gov/earthquakes/eventpage/us6000ri97,,,,,reviewed,0,354,us,6000ri97,30,0.623,1.25,97,earthquake,Point,119.8291,-9.2487,52.805,"M 4.8 - 65 km NW of Waingapu, Indonesia"
usgs,us6000ri8h,4.6,mb,"103 km W of Tobelo, Indonesia",1760924304765,2025-10-20T01:38:24.765000+00:00,2026-01-09T15:38:42.040000+00:00,https://earthquake.usgs.gov/earthquakes/eventpage/us6000ri8h,,,,,reviewed,0,326,us,6000ri8h,62,2.264,0.49,82,earthquake,Point,127.0794,1.7856,74.992,"M 4.6 - 103 km W of Tobelo, Indonesia"
usgs,us6000ri7x,5.0,mb,"62 km NE of Masohi, Indonesia",1760916955486,2025-10-19T23:35:55.486000+00:00,2026-01-09T15:38:42.040000+00:00,https://earthquake.usgs.gov/earthquakes/eventpage/us6000ri7x,,,,,reviewed,0,385,us,6000ri7x,63,1.638,0.61,50,earthquake,Point,129.4134,-2.949,10.0,"M 5.0 - 62 km NE of Masohi, Indonesia"
usgs,us6000ri7m,4.9,mb,"Pulau Pulau Tanimbar, Indonesia",1760913886964,2025-10-19T22:44:46.964000+00:00,2026-01-09T15:38:41.040000+00:00,https://earthquake.usgs.gov/earthquakes/eventpage/us6000ri7m,,,,,reviewed,0,369,us,6000ri7m,29,3.026,0.83,116,earthquake,Point,130.6,-7.4882,10.0,"M 4.9 - Pulau Pulau Tanimbar, Indonesia"
usgs,us6000ri67,4.7,mb,"80 km ESE of Bitung, Indonesia",1760888241112,2025-10-19T15:37:21.112000+00:00,2026-01-09T15:38:41.040000+00:00,https://earthquake.usgs.gov/earthquakes/eventpage/us6000ri67,,,,,reviewed,0,340,us,6000ri67,64,1.01,0.9,89,earthquake,Point,125.8387,1.2937,64.581,"M 4.7 - 80 km ESE of Bitung, Indonesia"
usgs,us6000ri4y,4.6,mb,"190 km WNW of Abepura, Indonesia",1760868331054,2025-10-19T10:05:31.054000+00:00,2026-01-09T15:38:41.040000+00:00,https://earthquake.usgs.gov/earthquakes/eventpage/us6000ri4y,,,,,reviewed,0,326,us,6000ri4y,41,0.972,0.48,75,earthquake,Point,138.9885,-2.1019,35.0,"M 4.6 - 190 km WNW of Abepura, Indonesia"
usgs,us6000ri4x,4.9,mb,"152 km NE of Maumere, Indonesia",1760868020047,2025-10-19T10:00:20.047000+00:00,2026-01-09T15:38:41.040000+00:00,https://earthquake.usgs.gov/earthquakes/eventpage/us6000ri4x,,,,,reviewed,0,369,us,6000ri4x,49,2.149,0.7,68,earthquake,Point,123.329,-7.8045,10.0,"M 4.9 - 152 km NE of Maumere, Indonesia"
usgs,us6000rm57,4.3,mb,"192 km W of Abepura, Indonesia",1760861356665,2025-10-19T08:09:16.665000+00:00,2026-01-09T15:38:46.040000+00:00,https://earthquake.usgs.gov/earthquakes/eventpage/us6000rm57,,,,,reviewed,0,284,us,6000rm57,29,0.898,0.91,77,earthquake,Point,138.9354,-2.2776,37.56,"M 4.3 - 192 km W of Abepura, Indonesia"
usgs,us6000ri48,4.5,mb,"48 km S of Cilacap, Indonesia",1760856799765,2025-10-19T06:53:19.765000+00:00,2026-01-09T15:38:41.040000+00:00,https://earthquake.usgs.gov/earthquakes/eventpage/us6000ri48,,,,,reviewed,0,312,us,6000ri48,29,1.447,1.23,47,earthquake,Point,108.9349,-8.1559,75.908,"M 4.5 - 48 km S of Cilacap, Indonesia"
usgs,us6000ri3d,4.8,mb,"184 km WNW of Abepura, Indonesia",1760842356585,2025-10-19T02:52:36.585000+00:00,2026-01-09T15:38:40.040000+00:00,https://earthquake.usgs.gov/earthquakes/eventpage/us6000ri3d,,,,,reviewed,0,354,us,6000ri3d,59,1.018,0.79,56,earthquake,Point,139.0391,-2.1181,35.0,"M 4.8 - 184 km WNW of Abepura, Indonesia"
usgs,us6000ri3e,4.2,mb,"74 km SSW of Gorontalo, Indonesia",1760830558071,2025-10-18T23:35:58.071000+00:00,2026-01-09T15:38:40.040000+00:00,https://earthquake.usgs.gov/earthquakes/eventpage/us6000ri3e,,,,,reviewed,0,271,us,6000ri3e,24,2.447,1.0,73,earthquake,Point,122.9046,-0.1151,98.149,"M 4.2 - 74 km SSW of Gorontalo, Indonesia"
usgs,us6000ri2c,4.1,mb,"94 km NNE of Tayu, Indonesia",1760815049363,2025-10-18T19:17:29.363000+00:00,2026-01-09T15:38:40.040000+00:00,https://earthquake.usgs.gov/earthquakes/eventpage/us6000ri2c,,,,,reviewed,0,259,us,6000ri2c,39,0.777,0.9,48,earthquake,Point,111.3007,-5.7213,511.07,"M 4.1 - 94 km NNE of Tayu, Indonesia"
usgs,us6000ri1l,4.4,mb,"42 km NNW of Seririt, Indonesia",1760803021185,2025-10-18T15:57:01.185000+00:00,2026-01-09T15:38:40.040000+00:00,https://earthquake.usgs.gov/earthquakes/eventpage/us6000ri1l,,,,,reviewed,0,298,us,6000ri1l,72,0.867,0.74,35,earthquake,Point,114.7684,-7.8505,197.719,"M 4.4 - 42 km NNW of Seririt, Indonesia"
usgs,us6000rm4g,4.1,mb,"Kepulauan Babar, Indonesia",1760793193470,2025-10-18T13:13:13.470000+00:00,2026-01-09T15:38:46.040000+00:00,https://earthquake.usgs.gov/earthquakes/eventpage/us6000rm4g,,,,,reviewed,0,259,us,6000rm4g,16,5.044,0.63,98,earthquake,Point,129.6257,-7.2627,117.014,"M 4.1 - Kepulauan Babar, Indonesia"
usgs,us6000ri0j,4.8,mb,"73 km SSW of Labuha, Indonesia",1760782326542,2025-10-18T10:12:06.542000+00:00,2026-01-09T15:38:40.040000+00:00,https://earthquake.usgs.gov/earthquakes/eventpage/us6000ri0j,,,,,reviewed,0,354,us,6000ri0j,40,3.503,0.67,88,earthquake,Point,127.155,-1.2033,10.0,"M 4.8 - 73 km SSW of Labuha, Indonesia"
usgs,us6000rm48,4.1,mb,"102 km WNW of Pariaman, Indonesia",1760780106374,2025-10-18T09:35:06.374000+00:00,2026-01-09T15:38:46.040000+00:00,https://earthquake.usgs.gov/earthquakes/eventpage/us6000rm48,,,,,reviewed,0,259,us,6000rm48,21,2.33,0.87,73,earthquake,Point,99.2406,-0.337,69.648,"M 4.1 - 102 km WNW of Pariaman, Indonesia"
usgs,us6000rhyg,4.1,mb,"226 km SSE of Amahai, Indonesia",1760733002670,2025-10-17T20:30:02.670000+00:00,2026-01-09T15:38:39.040000+00:00,https://earthquake.usgs.gov/earthquakes/eventpage/us6000rhyg,,,,,reviewed,0,259,us,6000rhyg,19,0.71,0.53,61,earthquake,Point,129.7433,-5.2184,236.861,"M 4.1 - 226 km SSE of Amahai, Indonesia"
usgs,us6000rly8,4.2,mb,"42 km SW of Majene, Indonesia",1760693536625,2025-10-17T09:32:16.625000+00:00,2026-01-09T15:38:45.040000+00:00,https://earthquake.usgs.gov/earthquakes/eventpage/us6000rly8,,,,,reviewed,0,271,us,6000rly8,25,1.336,1.01,95,earthquake,Point,118.683,-3.7996,10.0,"M 4.2 - 42 km SW of Majene, Indonesia"
usgs,us6000rhrd,4.6,mb,"70 km WNW of Tobelo, Indonesia",1760690792478,2025-10-17T08:46:32.478000+00:00,2026-01-09T15:38:39.040000+00:00,https://earthquake.usgs.gov/earthquakes/eventpage/us6000rhrd,,,,,reviewed,0,326,us,6000rhrd,41,2.581,1.12,95,earthquake,Point,127.3892,1.857,127.143,"M 4.6 - 70 km WNW of Tobelo, Indonesia"
usgs,us6000rhqg,4.4,mb,"285 km WSW of Tual, Indonesia",1760676192649,2025-10-17T04:43:12.649000+00:00,2026-01-09T15:38:39.040000+00:00,https://earthquake.usgs.gov/earthquakes/eventpage/us6000rhqg,,,,,reviewed,0,298,us,6000rhqg,23,2.347,1.06,59,earthquake,Point,130.4593,-6.8182,122.132,"M 4.4 - 285 km WSW of Tual, Indonesia"
usgs,us6000rhqe,5.1,mww,"182 km WNW of Abepura, Indonesia",1760674387501,2025-10-17T04:13:07.501000+00:00,2026-01-09T15:38:39.040000+00:00,https://earthquake.usgs.gov/earthquakes/eventpage/us6000rhqe,,,5.228,green,reviewed,0,400,us,6000rhqe,70,0.988,0.76,45,earthquake,Point,139.0248,-2.2666,46.31,"M 5.1 - 182 km WNW of Abepura, Indonesia"
usgs,us6000rly3,4.2,mb,"140 km S of Bengkulu, Indonesia",1760671412803,2025-10-17T03:23:32.803000+00:00,2026-01-09T15:38:45.040000+00:00,https://earthquake.usgs.gov/earthquakes/eventpage/us6000rly3,,,,,reviewed,0,271,us,6000rly3,17,0.866,0.24,199,earthquake,Point,102.4327,-5.0568,36.765,"M 4.2 - 140 km S of Bengkulu, Indonesia"
usgs,us6000rhmd,4.3,mb,"239 km S of Ambon, Indonesia",1760641949173,2025-10-16T19:12:29.173000+00:00,2026-01-09T15:38:38.040000+00:00,https://earthquake.usgs.gov/earthquakes/eventpage/us6000rhmd,,,,,reviewed,0,284,us,6000rhmd,22,2.028,0.53,57,earthquake,Point,128.3634,-5.8576,355.026,"M 4.3 - 239 km S of Ambon, Indonesia"
usgs,us6000rhke,5.0,mww,"172 km WNW of Abepura, Indonesia",1760634181372,2025-10-16T17:03:01.372000+00:00,2026-01-09T15:38:38.040000+00:00,https://earthquake.usgs.gov/earthquakes/eventpage/us6000rhke,,,,,reviewed,0,385,us,6000rhke,70,1.14,1.08,59,earthquake,Point,139.1604,-2.1061,33.425,"M 5.0 - 172 km WNW of Abepura, Indonesia"
usgs,us6000rhk2,5.0,mb,"174 km WNW of Abepura, Indonesia",1760630505966,2025-10-16T16:01:45.966000+00:00,2026-01-09T15:38:38.040000+00:00,https://earthquake.usgs.gov/earthquakes/eventpage/us6000rhk2,,,,,reviewed,0,385,us,6000rhk2,53,1.068,0.74,60,earthquake,Point,139.1037,-2.2304,35.0,"M 5.0 - 174 km WNW of Abepura, Indonesia"
usgs,us6000rhjs,4.8,mb,"201 km WNW of Abepura, Indonesia",1760625067786,2025-10-16T14:31:07.786000+00:00,2026-01-09T15:38:38.040000+00:00,https://earthquake.usgs.gov/earthquakes/eventpage/us6000rhjs,,,,,reviewed,0,354,us,6000rhjs,48,0.844,0.85,67,earthquake,Point,138.8715,-2.1741,35.0,"M 4.8 - 201 km WNW of Abepura, Indonesia"
usgs,us6000rlwr,4.3,mb,"88 km SE of Sungai Penuh, Indonesia",1760619037199,2025-10-16T12:50:37.199000+00:00,2026-01-09T15:38:45.040000+00:00,https://earthquake.usgs.gov/earthquakes/eventpage/us6000rlwr,,,,,reviewed,0,284,us,6000rlwr,37,2.01,1.12,131,earthquake,Point,101.9963,-2.5818,136.268,"M 4.3 - 88 km SE of Sungai Penuh, Indonesia"
usgs,us6000rhhq,4.7,mb,"60 km E of Sarangani, Philippines",1760607064331,2025-10-16T09:31:04.331000+00:00,2026-01-09T15:38:37.040000+00:00,https://earthquake.usgs.gov/earthquakes/eventpage/us6000rhhq,,,,,reviewed,0,340,us,6000rhhq,72,0.888,1.07,50,earthquake,Point,126.0067,5.4538,93.582,"M 4.7 - 60 km E of Sarangani, Philippines"
usgs,us6000rhhn,4.5,mb,"187 km W of Abepura, Indonesia",1760605542347,2025-10-16T09:05:42.347000+00:00,2026-01-09T15:38:37.040000+00:00,https://earthquake.usgs.gov/earthquakes/eventpage/us6000rhhn,,,,,reviewed,0,312,us,6000rhhn,44,0.928,0.96,68,earthquake,Point,138.9645,-2.3449,40.796,"M 4.5 - 187 km W of Abepura, Indonesia"
usgs,us6000rlwd,4.5,mb,"189 km WNW of Abepura, Indonesia",1760599007522,2025-10-16T07:16:47.522000+00:00,2026-01-09T15:38:45.040000+00:00,https://earthquake.usgs.gov/earthquakes/eventpage/us6000rlwd,,,,,reviewed,0,312,us,6000rlwd,28,0.971,0.89,76,earthquake,Point,138.9934,-2.1308,35.0,"M 4.5 - 189 km WNW of Abepura, Indonesia"
usgs,us6000rlwb,4.3,mb,"185 km WNW of Abepura, Indonesia",1760596222038,2025-10-16T06:30:22.038000+00:00,2026-01-09T15:38:45.040000+00:00,https://earthquake.usgs.gov/earthquakes/eventpage/us6000rlwb,,,,,reviewed,0,284,us,6000rlwb,15,1.122,0.84,124,earthquake,Point,139.1006,-1.9432,35.0,"M 4.3 - 185 km WNW of Abepura, Indonesia"
usgs,us6000rhg5,6.4,mww,"192 km WNW of Abepura, Indonesia",1760593732788,2025-10-16T05:48:52.788000+00:00,2026-01-09T15:38:37.040000+00:00,https://earthquake.usgs.gov/earthquakes/eventpage/us6000rhg5,2.0,3.1,7.284,green,reviewed,1,631,us,6000rhg5,234,0.925,0.79,17,earthquake,Point,138.9531,-2.168,18.0,"M 6.4 - 192 km WNW of Abepura, Indonesia"
usgs,us6000rlw7,4.0,mb,"148 km S of Dampit, Indonesia",1760589813811,2025-10-16T04:43:33.811000+00:00,2026-01-09T15:38:45.040000+00:00,https://earthquake.usgs.gov/earthquakes/eventpage/us6000rlw7,,,,,reviewed,0,246,us,6000rlw7,14,1.852,0.81,90,earthquake,Point,112.6251,-9.5515,36.169,"M 4.0 - 148 km S of Dampit, Indonesia"
usgs,us6000rlwe,4.1,mb,Banda Sea,1760580279544,2025-10-16T02:04:39.544000+00:00,2026-01-09T15:38:45.040000+00:00,https://earthquake.usgs.gov/earthquakes/eventpage/us6000rlwe,,,,,reviewed,0,259,us,6000rlwe,15,4.855,0.55,98,earthquake,Point,129.0086,-6.569,263.635,M 4.1 - Banda Sea
usgs,us6000rhf3,4.4,mb,"122 km WNW of Abepura, Indonesia",1760579282948,2025-10-16T01:48:02.948000+00:00,2026-01-09T15:38:37.040000+00:00,https://earthquake.usgs.gov/earthquakes/eventpage/us6000rhf3,,,,,reviewed,0,298,us,6000rhf3,25,1.141,0.75,118,earthquake,Point,139.5946,-2.2387,35.0,"M 4.4 - 122 km WNW of Abepura, Indonesia"
usgs,us6000rheu,4.1,mb,"176 km N of Likisá, Timor Leste",1760575403522,2025-10-16T00:43:23.522000+00:00,2026-01-09T15:38:37.040000+00:00,https://earthquake.usgs.gov/earthquakes/eventpage/us6000rheu,,,,,reviewed,0,259,us,6000rheu,34,2.852,0.66,52,earthquake,Point,125.1068,-7.009,549.11,"M 4.1 - 176 km N of Likisá, Timor Leste"
usgs,us6000rhe7,4.8,mb,"33 km SSW of Sarangani, Philippines",1760571167615,2025-10-15T23:32:47.615000+00:00,2026-01-09T15:38:37.040000+00:00,https://earthquake.usgs.gov/earthquakes/eventpage/us6000rhe7,1.0,2.0,,,reviewed,0,355,us,6000rhe7,102,0.4,0.73,101,earthquake,Point,125.3592,5.1172,46.561,"M 4.8 - 33 km SSW of Sarangani, Philippines"
usgs,us6000rlqs,4.1,mb,"220 km NW of Tobelo, Indonesia",1760564389225,2025-10-15T21:39:49.225000+00:00,2026-01-09T15:38:44.040000+00:00,https://earthquake.usgs.gov/earthquakes/eventpage/us6000rlqs,,,,,reviewed,0,259,us,6000rlqs,15,1.945,0.41,131,earthquake,Point,126.8606,3.3517,35.0,"M 4.1 - 220 km NW of Tobelo, Indonesia"
usgs,us6000rlqa,4.4,mb,"18 km ENE of Atambua, Indonesia",1760518667302,2025-10-15T08:57:47.302000+00:00,2026-01-09T15:38:44.040000+00:00,https://earthquake.usgs.gov/earthquakes/eventpage/us6000rlqa,,,,,reviewed,0,298,us,6000rlqa,25,1.05,0.88,72,earthquake,Point,125.0407,-9.0298,33.611,"M 4.4 - 18 km ENE of Atambua, Indonesia"
usgs,us6000rh7g,4.4,mb,Banda Sea,1760488202166,2025-10-15T00:30:02.166000+00:00,2026-01-09T15:38:36.040000+00:00,https://earthquake.usgs.gov/earthquakes/eventpage/us6000rh7g,,,,,reviewed,0,298,us,6000rh7g,12,2.05,0.49,113,earthquake,Point,129.754,-6.5808,143.866,M 4.4 - Banda Sea
usgs,us6000rh71,4.5,mb,"34 km ESE of Same, Timor Leste",1760479844933,2025-10-14T22:10:44.933000+00:00,2026-01-01T23:11:13.040000+00:00,https://earthquake.usgs.gov/earthquakes/eventpage/us6000rh71,,,,,reviewed,0,312,us,6000rh71,19,1.746,0.96,129,earthquake,Point,125.9261,-9.1425,10.0,"M 4.5 - 34 km ESE of Same, Timor Leste"
usgs,us6000rh2f,4.2,mb,"217 km WSW of Tual, Indonesia",1760455049771,2025-10-14T15:17:29.771000+00:00,2026-01-01T23:11:13.040000+00:00,https://earthquake.usgs.gov/earthquakes/eventpage/us6000rh2f,,,,,reviewed,0,271,us,6000rh2f,19,1.994,1.15,111,earthquake,Point,130.8945,-6.2671,119.258,"M 4.2 - 217 km WSW of Tual, Indonesia"
usgs,us6000rh12,4.5,mb,"107 km SE of Pondaguitan, Philippines",1760436779926,2025-10-14T10:12:59.926000+00:00,2026-01-01T23:11:12.040000+00:00,https://earthquake.usgs.gov/earthquakes/eventpage/us6000rh12,,,,,reviewed,0,312,us,6000rh12,72,1.75,0.71,66,earthquake,Point,126.925,5.7336,140.346,"M 4.5 - 107 km SE of Pondaguitan, Philippines"
usgs,us6000rgzm,4.4,mb,Banda Sea,1760418209710,2025-10-14T05:03:29.710000+00:00,2026-01-01T23:11:12.040000+00:00,https://earthquake.usgs.gov/earthquakes/eventpage/us6000rgzm,,,,,reviewed,0,298,us,6000rgzm,23,2.008,0.9,81,earthquake,Point,129.9535,-6.543,145.145,M 4.4 - Banda Sea
usgs,us6000rgu0,4.9,mb,"32 km SE of Kalianget, Indonesia",1760339430052,2025-10-13T07:10:30.052000+00:00,2026-01-01T23:11:11.040000+00:00,https://earthquake.usgs.gov/earthquakes/eventpage/us6000rgu0,,,,,reviewed,0,369,us,6000rgu0,63,1.209,0.75,39,earthquake,Point,114.1609,-7.253,10.0,"M 4.9 - 32 km SE of Kalianget, Indonesia"
usgs,us6000rgse,4.2,mb,"151 km NNE of Labuan Bajo, Indonesia",1760310219146,2025-10-12T23:03:39.146000+00:00,2026-01-01T23:11:11.040000+00:00,https://earthquake.usgs.gov/earthquakes/eventpage/us6000rgse,,,,,reviewed,0,271,us,6000rgse,66,2.298,0.84,67,earthquake,Point,120.4179,-7.2296,580.056,"M 4.2 - 151 km NNE of Labuan Bajo, Indonesia"
usgs,us6000rgs9,4.2,mb,"34 km W of Pante Makasar, Timor Leste",1760308234101,2025-10-12T22:30:34.101000+00:00,2026-01-01T23:11:11.040000+00:00,https://earthquake.usgs.gov/earthquakes/eventpage/us6000rgs9,,,,,reviewed,0,271,us,6000rgs9,17,0.551,0.7,119,earthquake,Point,124.0695,-9.2366,76.421,"M 4.2 - 34 km W of Pante Makasar, Timor Leste"
usgs,us6000rgs5,4.6,mb,"15 km NW of Katobu, Indonesia",1760306939073,2025-10-12T22:08:59.073000+00:00,2026-01-01T23:11:11.040000+00:00,https://earthquake.usgs.gov/earthquakes/eventpage/us6000rgs5,,,,,reviewed,0,326,us,6000rgs5,29,0.207,0.67,93,earthquake,Point,122.6104,-4.7491,10.0,"M 4.6 - 15 km NW of Katobu, Indonesia"
usgs,us6000rgqx,4.3,mb,"14 km NW of Katobu, Indonesia",1760280066950,2025-10-12T14:41:06.950000+00:00,2026-01-01T23:11:10.040000+00:00,https://earthquake.usgs.gov/earthquakes/eventpage/us6000rgqx,,,,,reviewed,0,284,us,6000rgqx,25,0.202,1.13,61,earthquake,Point,122.6392,-4.7353,10.0,"M 4.3 - 14 km NW of Katobu, Indonesia"
usgs,us6000rks4,4.3,mb,"45 km SSW of Maitum, Philippines",1760270072988,2025-10-12T11:54:32.988000+00:00,2026-01-01T23:11:18.040000+00:00,https://earthquake.usgs.gov/earthquakes/eventpage/us6000rks4,,,,,reviewed,0,284,us,6000rks4,30,1.527,0.85,94,earthquake,Point,124.2808,5.6924,35.0,"M 4.3 - 45 km SSW of Maitum, Philippines"
usgs,us6000rgq7,4.5,mb,"98 km NNW of Ternate, Indonesia",1760264639902,2025-10-12T10:23:59.902000+00:00,2026-01-01T23:11:10.040000+00:00,https://earthquake.usgs.gov/earthquakes/eventpage/us6000rgq7,,,,,reviewed,0,312,us,6000rgq7,55,0.893,0.75,90,earthquake,Point,126.9336,1.5579,105.685,"M 4.5 - 98 km NNW of Ternate, Indonesia"
usgs,us6000rkrs,4.2,mb,"88 km NNW of Naisano Dua, Indonesia",1760260089450,2025-10-12T09:08:09.450000+00:00,2026-01-01T23:11:17.040000+00:00,https://earthquake.usgs.gov/earthquakes/eventpage/us6000rkrs,,,,,reviewed,0,271,us,6000rkrs,18,1.184,0.81,111,earthquake,Point,123.4845,-8.8521,95.976,"M 4.2 - 88 km NNW of Naisano Dua, Indonesia"
usgs,us6000rkpq,4.6,mb,"120 km W of Abepura, Indonesia",1760238136505,2025-10-12T03:02:16.505000+00:00,2026-01-01T23:11:16.040000+00:00,https://earthquake.usgs.gov/earthquakes/eventpage/us6000rkpq,,,,,reviewed,0,326,us,6000rkpq,20,1.158,0.55,88,earthquake,Point,139.5463,-2.5868,38.597,"M 4.6 - 120 km W of Abepura, Indonesia"
usgs,us6000rgnr,5.0,mb,"146 km W of Abepura, Indonesia",1760238035575,2025-10-12T03:00:35.575000+00:00,2026-01-01T23:11:10.040000+00:00,https://earthquake.usgs.gov/earthquakes/eventpage/us6000rgnr,,,,,reviewed,0,385,us,6000rgnr,58,1.346,1.11,31,earthquake,Point,139.3183,-2.7234,44.942,"M 5.0 - 146 km W of Abepura, Indonesia"
usgs,us6000rgmq,4.4,mb,"211 km SE of Sarangani, Philippines",1760223877929,2025-10-11T23:04:37.929000+00:00,2026-01-01T23:11:10.040000+00:00,https://earthquake.usgs.gov/earthquakes/eventpage/us6000rgmq,,,,,reviewed,0,298,us,6000rgmq,43,1.437,0.78,107,earthquake,Point,126.68,3.9343,43.357,"M 4.4 - 211 km SE of Sarangani, Philippines"
usgs,us6000rgln,4.4,mb,"270 km WSW of Tual, Indonesia",1760205558973,2025-10-11T17:59:18.973000+00:00,2026-01-01T23:11:09.040000+00:00,https://earthquake.usgs.gov/earthquakes/eventpage/us6000rgln,,,,,reviewed,0,298,us,6000rgln,51,3.82,0.75,45,earthquake,Point,130.3955,-6.2847,142.364,"M 4.4 - 270 km WSW of Tual, Indonesia"
usgs,us6000rkq3,4.2,mb,"14 km ESE of Kalianget, Indonesia",1760162818195,2025-10-11T06:06:58.195000+00:00,2026-01-01T23:11:17.040000+00:00,https://earthquake.usgs.gov/earthquakes/eventpage/us6000rkq3,,,,,reviewed,0,271,us,6000rkq3,23,1.348,0.81,70,earthquake,Point,114.0577,-7.1165,9.264,"M 4.2 - 14 km ESE of Kalianget, Indonesia"
usgs,us6000rkpw,4.5,mb,"33 km N of Tobelo, Indonesia",1760152381102,2025-10-11T03:13:01.102000+00:00,2026-01-01T23:11:16.040000+00:00,https://earthquake.usgs.gov/earthquakes/eventpage/us6000rkpw,,,,,reviewed,0,312,us,6000rkpw,19,1.395,0.62,100,earthquake,Point,127.9871,2.0301,102.214,"M 4.5 - 33 km N of Tobelo, Indonesia"
usgs,us6000rkr9,4.4,mb,"174 km N of Dili, Timor Leste",1760147657000,2025-10-11T01:54:17+00:00,2026-01-01T23:11:17.040000+00:00,https://earthquake.usgs.gov/earthquakes/eventpage/us6000rkr9,,,,,reviewed,0,298,us,6000rkr9,17,2.962,0.71,88,earthquake,Point,125.3891,-6.9907,503.495,"M 4.4 - 174 km N of Dili, Timor Leste"
usgs,us6000rga0,4.5,mb,"220 km SE of Sarangani, Philippines",1760112633949,2025-10-10T16:10:33.949000+00:00,2026-01-01T23:11:07.040000+00:00,https://earthquake.usgs.gov/earthquakes/eventpage/us6000rga0,,,,,reviewed,0,312,us,6000rga0,42,1.479,0.67,58,earthquake,Point,126.6283,3.7923,52.392,"M 4.5 - 220 km SE of Sarangani, Philippines"
usgs,us6000rg2a,5.4,mb,"Kepulauan Babar, Indonesia",1760090571532,2025-10-10T10:02:51.532000+00:00,2026-01-01T23:11:07.040000+00:00,https://earthquake.usgs.gov/earthquakes/eventpage/us6000rg2a,0.0,1.0,3.403,green,reviewed,0,449,us,6000rg2a,102,4.885,0.71,20,earthquake,Point,129.5203,-7.0057,159.477,"M 5.4 - Kepulauan Babar, Indonesia"
usgs,us6000rg17,4.6,mb,"131 km ENE of Tual, Indonesia",1760076591984,2025-10-10T06:09:51.984000+00:00,2026-01-01T23:11:06.040000+00:00,https://earthquake.usgs.gov/earthquakes/eventpage/us6000rg17,,,,,reviewed,0,326,us,6000rg17,32,2.452,0.78,102,earthquake,Point,133.8264,-5.1276,10.0,"M 4.6 - 131 km ENE of Tual, Indonesia"
usgs,us6000rg13,4.5,mb,"64 km E of Sungai Penuh, Indonesia",1760073902975,2025-10-10T05:25:02.975000+00:00,2026-01-01T23:11:06.040000+00:00,https://earthquake.usgs.gov/earthquakes/eventpage/us6000rg13,,,,,reviewed,0,312,us,6000rg13,50,2.433,0.87,127,earthquake,Point,101.9667,-2.1214,180.669,"M 4.5 - 64 km E of Sungai Penuh, Indonesia"
usgs,us6000rkm0,4.3,mb,"292 km WSW of Tual, Indonesia",1760070775755,2025-10-10T04:32:55.755000+00:00,2026-01-01T23:11:15.040000+00:00,https://earthquake.usgs.gov/earthquakes/eventpage/us6000rkm0,,,,,reviewed,0,284,us,6000rkm0,12,3.922,0.31,114,earthquake,Point,130.1974,-6.2888,132.01,"M 4.3 - 292 km WSW of Tual, Indonesia"
usgs,us6000rfzx,4.8,mb,"southwest of Sumatra, Indonesia",1760065313233,2025-10-10T03:01:53.233000+00:00,2026-01-01T23:11:06.040000+00:00,https://earthquake.usgs.gov/earthquakes/eventpage/us6000rfzx,,,,,reviewed,0,354,us,6000rfzx,48,2.796,0.77,71,earthquake,Point,102.6093,-7.2941,10.0,"M 4.8 - southwest of Sumatra, Indonesia"
usgs,us6000rk8k,4.2,mb,"69 km NE of Masamba, Indonesia",1759918170652,2025-10-08T10:09:30.652000+00:00,2026-01-01T23:11:14.040000+00:00,https://earthquake.usgs.gov/earthquakes/eventpage/us6000rk8k,,,,,reviewed,0,271,us,6000rk8k,16,0.639,0.59,104,earthquake,Point,120.6836,-2.0359,10.0,"M 4.2 - 69 km NE of Masamba, Indonesia"
usgs,us6000rfke,4.9,mb,"52 km S of Bengkulu, Indonesia",1759910943677,2025-10-08T08:09:03.677000+00:00,2026-01-01T23:11:04.040000+00:00,https://earthquake.usgs.gov/earthquakes/eventpage/us6000rfke,1.0,2.0,,,reviewed,0,370,us,6000rfke,62,0.78,0.83,89,earthquake,Point,102.1788,-4.2717,52.473,"M 4.9 - 52 km S of Bengkulu, Indonesia"
usgs,us6000rfk0,4.3,mb,"140 km SSW of Palimbang, Philippines",1759905543209,2025-10-08T06:39:03.209000+00:00,2026-01-01T23:11:04.040000+00:00,https://earthquake.usgs.gov/earthquakes/eventpage/us6000rfk0,,,,,reviewed,0,284,us,6000rfk0,60,1.93,0.65,39,earthquake,Point,123.5765,5.0984,569.866,"M 4.3 - 140 km SSW of Palimbang, Philippines"
usgs,us6000rfjr,4.7,mb,"67 km E of Labuha, Indonesia",1759900834711,2025-10-08T05:20:34.711000+00:00,2026-01-01T23:11:04.040000+00:00,https://earthquake.usgs.gov/earthquakes/eventpage/us6000rfjr,,,,,reviewed,0,340,us,6000rfjr,35,1.529,0.92,74,earthquake,Point,128.0874,-0.5857,10.0,"M 4.7 - 67 km E of Labuha, Indonesia"
usgs,us6000rfhm,4.3,mb,"170 km WSW of Ambon, Indonesia",1759877210306,2025-10-07T22:46:50.306000+00:00,2025-12-19T22:50:24.040000+00:00,https://earthquake.usgs.gov/earthquakes/eventpage/us6000rfhm,,,,,reviewed,0,284,us,6000rfhm,48,4.027,0.76,50,earthquake,Point,126.6944,-4.0746,262.171,"M 4.3 - 170 km WSW of Ambon, Indonesia"
usgs,us6000rfcr,4.2,mb,"51 km W of Pante Makasar, Timor Leste",1759845355146,2025-10-07T13:55:55.146000+00:00,2025-12-19T22:50:23.040000+00:00,https://earthquake.usgs.gov/earthquakes/eventpage/us6000rfcr,,,,,reviewed,0,271,us,6000rfcr,24,0.723,0.64,103,earthquake,Point,123.9199,-9.1139,94.87,"M 4.2 - 51 km W of Pante Makasar, Timor Leste"
usgs,us6000rf98,4.9,mb,"93 km ESE of Caburan, Philippines",1759810443511,2025-10-07T04:14:03.511000+00:00,2025-12-19T22:50:19.040000+00:00,https://earthquake.usgs.gov/earthquakes/eventpage/us6000rf98,,,,,reviewed,0,369,us,6000rf98,95,1.179,0.63,106,earthquake,Point,126.3808,5.5018,94.639,"M 4.9 - 93 km ESE of Caburan, Philippines"
usgs,us6000rf7b,4.7,mb,"195 km NNW of Tobelo, Indonesia",1759795092151,2025-10-06T23:58:12.151000+00:00,2025-12-19T22:50:18.040000+00:00,https://earthquake.usgs.gov/earthquakes/eventpage/us6000rf7b,,,,,reviewed,0,340,us,6000rf7b,57,2.324,0.77,88,earthquake,Point,127.3749,3.3731,35.616,"M 4.7 - 195 km NNW of Tobelo, Indonesia"
usgs,us6000rf2p,4.4,mb,"48 km NNE of Tobelo, Indonesia",1759754908302,2025-10-06T12:48:28.302000+00:00,2025-12-19T22:50:13.040000+00:00,https://earthquake.usgs.gov/earthquakes/eventpage/us6000rf2p,,,,,reviewed,0,298,us,6000rf2p,35,1.58,0.87,100,earthquake,Point,128.2193,2.1109,157.77,"M 4.4 - 48 km NNE of Tobelo, Indonesia"
usgs,us6000rf1a,4.6,mb,"128 km W of Ternate, Indonesia",1759731943649,2025-10-06T06:25:43.649000+00:00,2025-12-19T22:50:12.040000+00:00,https://earthquake.usgs.gov/earthquakes/eventpage/us6000rf1a,,,,,reviewed,0,326,us,6000rf1a,49,1.143,0.52,66,earthquake,Point,126.2358,0.9388,35.0,"M 4.6 - 128 km W of Ternate, Indonesia"
usgs,us6000rjz6,4.0,mb,"70 km WSW of Gunungsitoli, Indonesia",1759711310731,2025-10-06T00:41:50.731000+00:00,2025-12-19T22:50:50.040000+00:00,https://earthquake.usgs.gov/earthquakes/eventpage/us6000rjz6,,,,,reviewed,0,246,us,6000rjz6,9,0.6,0.82,220,earthquake,Point,97.0034,1.1208,10.0,"M 4.0 - 70 km WSW of Gunungsitoli, Indonesia"
usgs,us6000rezx,4.8,mb,"115 km WNW of Tobelo, Indonesia",1759701010487,2025-10-05T21:50:10.487000+00:00,2025-12-19T22:50:10.040000+00:00,https://earthquake.usgs.gov/earthquakes/eventpage/us6000rezx,,,,,reviewed,0,354,us,6000rezx,55,1.447,0.79,104,earthquake,Point,127.078,2.1987,57.06,"M 4.8 - 115 km WNW of Tobelo, Indonesia"
usgs,us6000rez7,4.9,mb,"101 km SSW of Sarangani, Philippines",1759685018742,2025-10-05T17:23:38.742000+00:00,2025-12-19T22:50:08.040000+00:00,https://earthquake.usgs.gov/earthquakes/eventpage/us6000rez7,1.0,2.0,,,reviewed,0,370,us,6000rez7,69,0.486,0.63,45,earthquake,Point,125.008,4.6048,10.0,"M 4.9 - 101 km SSW of Sarangani, Philippines"
usgs,us6000rj8h,4.1,mb,"44 km W of Tobelo, Indonesia",1759668976484,2025-10-05T12:56:16.484000+00:00,2025-12-19T22:50:48.040000+00:00,https://earthquake.usgs.gov/earthquakes/eventpage/us6000rj8h,,,,,reviewed,0,259,us,6000rj8h,27,1.052,0.59,106,earthquake,Point,127.6136,1.801,132.222,"M 4.1 - 44 km W of Tobelo, Indonesia"
usgs,us6000rexr,4.6,mb,"127 km SE of Modisi, Indonesia",1759662002912,2025-10-05T11:00:02.912000+00:00,2025-12-19T22:50:05.040000+00:00,https://earthquake.usgs.gov/earthquakes/eventpage/us6000rexr,,,,,reviewed,0,326,us,6000rexr,39,1.865,0.8,48,earthquake,Point,125.2219,-0.3936,40.671,"M 4.6 - 127 km SE of Modisi, Indonesia"
usgs,us6000rexl,4.7,mb,"204 km N of Tobelo, Indonesia",1759660206652,2025-10-05T10:30:06.652000+00:00,2025-12-19T22:50:05.040000+00:00,https://earthquake.usgs.gov/earthquakes/eventpage/us6000rexl,,,,,reviewed,0,340,us,6000rexl,100,2.692,0.67,53,earthquake,Point,127.9185,3.5734,143.192,"M 4.7 - 204 km N of Tobelo, Indonesia"
usgs,us6000rj81,4.0,mb,"62 km NNE of Maba, Indonesia",1759643235076,2025-10-05T05:47:15.076000+00:00,2025-12-19T22:50:46.040000+00:00,https://earthquake.usgs.gov/earthquakes/eventpage/us6000rj81,,,,,reviewed,0,246,us,6000rj81,23,1.208,0.75,145,earthquake,Point,128.4832,1.2364,10.0,"M 4.0 - 62 km NNE of Maba, Indonesia"
usgs,us6000rj7i,4.2,mb,"298 km ENE of Lospalos, Timor Leste",1759604522861,2025-10-04T19:02:02.861000+00:00,2025-12-19T22:50:44.040000+00:00,https://earthquake.usgs.gov/earthquakes/eventpage/us6000rj7i,,,,,reviewed,0,271,us,6000rj7i,15,5.114,1.27,123,earthquake,Point,129.3383,-7.1603,144.716,"M 4.2 - 298 km ENE of Lospalos, Timor Leste"
usgs,us6000rj65,4.6,mb,"46 km NNE of Tuapejat, Indonesia",1759543010405,2025-10-04T01:56:50.405000+00:00,2025-12-19T22:50:40.040000+00:00,https://earthquake.usgs.gov/earthquakes/eventpage/us6000rj65,,,,,reviewed,0,326,us,6000rj65,13,3.595,0.66,194,earthquake,Point,99.6909,-1.6228,37.364,"M 4.6 - 46 km NNE of Tuapejat, Indonesia"
usgs,us6000rj59,4.3,mb,"130 km NNE of Lospalos, Timor Leste",1759514430243,2025-10-03T18:00:30.243000+00:00,2025-12-19T22:50:39.040000+00:00,https://earthquake.usgs.gov/earthquakes/eventpage/us6000rj59,,,,,reviewed,0,284,us,6000rj59,17,3.971,0.72,73,earthquake,Point,127.584,-7.5009,158.81,"M 4.3 - 130 km NNE of Lospalos, Timor Leste"
usgs,us6000rejx,4.6,mb,"157 km W of Tobelo, Indonesia",1759508650943,2025-10-03T16:24:10.943000+00:00,2025-12-19T22:49:51.040000+00:00,https://earthquake.usgs.gov/earthquakes/eventpage/us6000rejx,,,,,reviewed,0,326,us,6000rejx,60,1.426,0.89,93,earthquake,Point,126.618,1.9937,46.143,"M 4.6 - 157 km W of Tobelo, Indonesia"
usgs,us6000reh2,5.1,mb,"114 km S of Sungai Penuh, Indonesia",1759489399368,2025-10-03T11:03:19.368000+00:00,2025-12-19T22:49:50.040000+00:00,https://earthquake.usgs.gov/earthquakes/eventpage/us6000reh2,,,,,reviewed,0,400,us,6000reh2,111,2.111,0.8,107,earthquake,Point,101.266,-3.0811,61.92,"M 5.1 - 114 km S of Sungai Penuh, Indonesia"
usgs,us6000refu,4.9,mb,"101 km ENE of Nabire, Indonesia",1759472309071,2025-10-03T06:18:29.071000+00:00,2025-12-19T22:49:49.040000+00:00,https://earthquake.usgs.gov/earthquakes/eventpage/us6000refu,,,,,reviewed,0,369,us,6000refu,26,1.779,1.1,56,earthquake,Point,136.2918,-2.9038,10.0,"M 4.9 - 101 km ENE of Nabire, Indonesia"
usgs,us6000reft,5.1,mww,"92 km ENE of Nabire, Indonesia",1759471358284,2025-10-03T06:02:38.284000+00:00,2025-12-19T22:49:49.040000+00:00,https://earthquake.usgs.gov/earthquakes/eventpage/us6000reft,,,,,reviewed,0,400,us,6000reft,47,1.765,0.95,58,earthquake,Point,136.2627,-3.033,10.0,"M 5.1 - 92 km ENE of Nabire, Indonesia"
usgs,us6000reff,4.6,mb,"102 km ENE of Nabire, Indonesia",1759467198930,2025-10-03T04:53:18.930000+00:00,2025-12-19T22:49:49.040000+00:00,https://earthquake.usgs.gov/earthquakes/eventpage/us6000reff,,,,,reviewed,0,326,us,6000reff,27,1.809,0.94,57,earthquake,Point,136.3199,-2.9284,10.0,"M 4.6 - 102 km ENE of Nabire, Indonesia"
usgs,us6000reek,4.6,mb,"114 km N of Gorontalo, Indonesia",1759463752189,2025-10-03T03:55:52.189000+00:00,2025-12-19T22:49:48.040000+00:00,https://earthquake.usgs.gov/earthquakes/eventpage/us6000reek,,,,,reviewed,0,326,us,6000reek,43,1.867,1.18,55,earthquake,Point,122.9767,1.5682,10.0,"M 4.6 - 114 km N of Gorontalo, Indonesia"
usgs,us6000ree0,4.0,mb,"85 km ENE of Nabire, Indonesia",1759455310899,2025-10-03T01:35:10.899000+00:00,2025-12-19T22:49:47.040000+00:00,https://earthquake.usgs.gov/earthquakes/eventpage/us6000ree0,,,,,reviewed,0,246,us,6000ree0,18,1.753,0.55,53,earthquake,Point,136.2347,-3.1168,10.0,"M 4.0 - 85 km ENE of Nabire, Indonesia"
usgs,us6000redf,4.4,mb,"102 km ENE of Nabire, Indonesia",1759446158096,2025-10-02T23:02:38.096000+00:00,2025-12-19T22:49:47.040000+00:00,https://earthquake.usgs.gov/earthquakes/eventpage/us6000redf,,,,,reviewed,0,298,us,6000redf,32,1.817,0.73,47,earthquake,Point,136.3261,-2.9425,10.0,"M 4.4 - 102 km ENE of Nabire, Indonesia"
usgs,us6000redb,5.3,mww,"95 km ENE of Nabire, Indonesia",1759445105092,2025-10-02T22:45:05.092000+00:00,2025-12-19T22:49:46.040000+00:00,https://earthquake.usgs.gov/earthquakes/eventpage/us6000redb,,,,,reviewed,0,432,us,6000redb,64,1.835,0.69,31,earthquake,Point,136.3208,-3.1055,10.0,"M 5.3 - 95 km ENE of Nabire, Indonesia"
usgs,us6000re2s,4.1,mb,"195 km ENE of Nabire, Indonesia",1759344664073,2025-10-01T18:51:04.073000+00:00,2025-12-19T22:49:39.040000+00:00,https://earthquake.usgs.gov/earthquakes/eventpage/us6000re2s,,,,,reviewed,0,259,us,6000re2s,28,1.043,0.53,70,earthquake,Point,137.2052,-2.9393,60.199,"M 4.1 - 195 km ENE of Nabire, Indonesia"
usgs,us6000rdz7,5.6,mww,"199 km NE of Lospalos, Timor Leste",1759326589750,2025-10-01T13:49:49.750000+00:00,2025-12-19T22:49:37.040000+00:00,https://earthquake.usgs.gov/earthquakes/eventpage/us6000rdz7,1.0,1.0,3.419,green,reviewed,0,483,us,6000rdz7,144,4.701,0.67,18,earthquake,Point,128.3436,-7.322,146.835,"M 5.6 - 199 km NE of Lospalos, Timor Leste"
usgs,us6000rdym,4.3,mb,"88 km N of Naisano Dua, Indonesia",1759309712860,2025-10-01T09:08:32.860000+00:00,2025-12-19T22:49:36.040000+00:00,https://earthquake.usgs.gov/earthquakes/eventpage/us6000rdym,,,,,reviewed,0,284,us,6000rdym,18,1.119,1.08,154,earthquake,Point,123.6584,-8.8055,106.656,"M 4.3 - 88 km N of Naisano Dua, Indonesia"
usgs,us6000rdxx,4.8,mb,"51 km NW of Dompu, Indonesia",1759289516609,2025-10-01T03:31:56.609000+00:00,2025-12-19T22:49:35.040000+00:00,https://earthquake.usgs.gov/earthquakes/eventpage/us6000rdxx,,,,,reviewed,0,354,us,6000rdxx,30,0.7,1.18,67,earthquake,Point,118.1282,-8.2166,174.854,"M 4.8 - 51 km NW of Dompu, Indonesia"
usgs,us6000riq7,4.0,mb,"265 km NNE of Lospalos, Timor Leste",1759270890123,2025-09-30T22:21:30.123000+00:00,2025-12-11T21:40:48.040000+00:00,https://earthquake.usgs.gov/earthquakes/eventpage/us6000riq7,,,,,reviewed,0,246,us,6000riq7,24,5.09,0.47,68,earthquake,Point,128.1732,-6.4242,381.771,"M 4.0 - 265 km NNE of Lospalos, Timor Leste"
usgs,us6000rdtx,4.4,mb,"31 km SE of Kalianget, Indonesia",1759252556989,2025-09-30T17:15:56.989000+00:00,2025-12-11T21:40:41.040000+00:00,https://earthquake.usgs.gov/earthquakes/eventpage/us6000rdtx,2.0,2.0,,,reviewed,0,298,us,6000rdtx,32,1.194,0.82,45,earthquake,Point,114.1349,-7.2685,10.0,"M 4.4 - 31 km SE of Kalianget, Indonesia"
usgs,us6000rdta,6.0,mww,"31 km ESE of Kalianget, Indonesia",1759250983533,2025-09-30T16:49:43.533000+00:00,2025-12-11T21:40:44.040000+00:00,https://earthquake.usgs.gov/earthquakes/eventpage/us6000rdta,60.0,4.6,6.35,green,reviewed,0,581,us,6000rdta,293,1.259,0.67,24,earthquake,Point,114.1844,-7.2032,19.498,"M 6.0 - 31 km ESE of Kalianget, Indonesia"
usgs,us6000riqb,4.1,mb,"113 km WSW of Gorontalo, Indonesia",1759243999691,2025-09-30T14:53:19.691000+00:00,2025-12-11T21:40:47.040000+00:00,https://earthquake.usgs.gov/earthquakes/eventpage/us6000riqb,,,,,reviewed,0,259,us,6000riqb,21,1.488,0.54,69,earthquake,Point,122.0762,0.2823,188.972,"M 4.1 - 113 km WSW of Gorontalo, Indonesia"
usgs,us6000rdrr,4.8,mb,"193 km W of Abepura, Indonesia",1759238291513,2025-09-30T13:18:11.513000+00:00,2025-12-11T21:40:45.040000+00:00,https://earthquake.usgs.gov/earthquakes/eventpage/us6000rdrr,,,,,reviewed,0,354,us,6000rdrr,102,0.914,0.65,63,earthquake,Point,138.8898,-2.6383,65.572,"M 4.8 - 193 km W of Abepura, Indonesia"
usgs,us6000rip2,4.0,mb,"69 km S of Bandar Lampung, Indonesia",1759219465908,2025-09-30T08:04:25.908000+00:00,2025-12-11T21:40:40.040000+00:00,https://earthquake.usgs.gov/earthquakes/eventpage/us6000rip2,,,,,reviewed,0,246,us,6000rip2,24,1.499,0.86,127,earthquake,Point,105.1451,-6.0449,110.403,"M 4.0 - 69 km S of Bandar Lampung, Indonesia"
usgs,us6000rinz,4.5,mb,"121 km S of Banjar, Indonesia",1759211626915,2025-09-30T05:53:46.915000+00:00,2025-12-11T21:40:39.040000+00:00,https://earthquake.usgs.gov/earthquakes/eventpage/us6000rinz,,,,,reviewed,0,312,us,6000rinz,33,0.896,0.96,91,earthquake,Point,107.265,-8.2789,35.0,"M 4.5 - 121 km S of Banjar, Indonesia"
usgs,us6000rdny,4.6,mb,"116 km S of Banjar, Indonesia",1759185015681,2025-09-29T22:30:15.681000+00:00,2025-12-11T21:40:40.040000+00:00,https://earthquake.usgs.gov/earthquakes/eventpage/us6000rdny,1.0,2.0,,,reviewed,0,326,us,6000rdny,42,0.823,0.83,97,earthquake,Point,107.3798,-8.2455,35.0,"M 4.6 - 116 km S of Banjar, Indonesia"
usgs,us6000rdmw,4.3,mb,"198 km WNW of Tuapejat, Indonesia",1759173923608,2025-09-29T19:25:23.608000+00:00,2025-12-11T21:40:43.040000+00:00,https://earthquake.usgs.gov/earthquakes/eventpage/us6000rdmw,,,,,reviewed,0,284,us,6000rdmw,20,2.742,0.73,91,earthquake,Point,97.9096,-1.4361,10.0,"M 4.3 - 198 km WNW of Tuapejat, Indonesia"
usgs,us6000rdju,4.2,mb,"173 km ENE of Lospalos, Timor Leste",1759141006159,2025-09-29T10:16:46.159000+00:00,2025-12-11T21:40:37.040000+00:00,https://earthquake.usgs.gov/earthquakes/eventpage/us6000rdju,,,,,reviewed,0,271,us,6000rdju,20,4.509,1.22,96,earthquake,Point,128.3229,-7.6794,163.55,"M 4.2 - 173 km ENE of Lospalos, Timor Leste"
usgs,us6000rigy,4.3,mb,"67 km SW of Langsa, Indonesia",1759122377574,2025-09-29T05:06:17.574000+00:00,2025-12-11T21:40:40.040000+00:00,https://earthquake.usgs.gov/earthquakes/eventpage/us6000rigy,,,,,reviewed,0,284,us,6000rigy,13,1.266,0.85,155,earthquake,Point,97.4974,4.0799,10.0,"M 4.3 - 67 km SW of Langsa, Indonesia"
usgs,us6000rdj3,4.2,mb,"65 km NE of Masohi, Indonesia",1759119220004,2025-09-29T04:13:40.004000+00:00,2025-12-11T21:40:48.040000+00:00,https://earthquake.usgs.gov/earthquakes/eventpage/us6000rdj3,,,,,reviewed,0,271,us,6000rdj3,18,2.747,0.49,73,earthquake,Point,129.4293,-2.9272,10.0,"M 4.2 - 65 km NE of Masohi, Indonesia"
usgs,us6000rdit,4.6,mb,"25 km ESE of Mangili, Philippines",1759114814931,2025-09-29T03:00:14.931000+00:00,2025-12-11T21:40:38.040000+00:00,https://earthquake.usgs.gov/earthquakes/eventpage/us6000rdit,,,,,reviewed,0,326,us,6000rdit,81,1.172,0.99,51,earthquake,Point,125.905,5.936,120.417,"M 4.6 - 25 km ESE of Mangili, Philippines"
usgs,us6000rdgn,4.5,mb,"109 km WNW of Abepura, Indonesia",1759080080435,2025-09-28T17:21:20.435000+00:00,2025-12-11T21:40:40.040000+00:00,https://earthquake.usgs.gov/earthquakes/eventpage/us6000rdgn,,,,,reviewed,0,312,us,6000rdgn,46,1.016,0.89,79,earthquake,Point,139.7404,-2.186,27.907,"M 4.5 - 109 km WNW of Abepura, Indonesia"
