latitude,longitude,acq_date,acq_time,satellite,confidence,version,frp,daynight,scan,track,brightness,brightness_t13,brightness_t31,bright_t14,bright_t15,source_api,sensor_type,satellite_source
-8.04749,139.74068,2026-04-29,429,N21,n,2.0NRT,3.1,D,0.53,0.42,,,,,,firms,VIIRS,VIIRS_NOAA21_NRT
-7.96929,138.80997,2026-04-29,429,N21,n,2.0NRT,9.53,D,0.47,0.4,,,,,,firms,VIIRS,VIIRS_NOAA21_NRT
-6.32811,138.65466,2026-04-29,429,N21,n,2.0NRT,8.61,D,0.48,0.4,,,,,,firms,VIIRS,VIIRS_NOAA21_NRT
-2.00567,121.43294,2026-04-29,432,N21,n,2.0NRT,9.09,D,0.67,0.74,,,,,,firms,VIIRS,VIIRS_NOAA21_NRT
0.48009,127.99104,2026-04-29,432,N21,n,2.0NRT,3.7,D,0.43,0.46,,,,,,firms,VIIRS,VIIRS_NOAA21_NRT
0.48069,127.99489,2026-04-29,432,N21,n,2.0NRT,3.7,D,0.43,0.46,,,,,,firms,VIIRS,VIIRS_NOAA21_NRT
0.48129,127.99879,2026-04-29,432,N21,n,2.0NRT,4.99,D,0.43,0.46,,,,,,firms,VIIRS,VIIRS_NOAA21_NRT
0.48189,128.00267,2026-04-29,432,N21,n,2.0NRT,4.99,D,0.43,0.46,,,,,,firms,VIIRS,VIIRS_NOAA21_NRT
0.48428,127.99048,2026-04-29,432,N21,n,2.0NRT,3.7,D,0.43,0.46,,,,,,firms,VIIRS,VIIRS_NOAA21_NRT
0.48488,127.99438,2026-04-29,432,N21,n,2.0NRT,3.7,D,0.43,0.46,,,,,,firms,VIIRS,VIIRS_NOAA21_NRT
-9.38199,119.61854,2026-04-29,610,N21,n,2.0NRT,4.75,D,0.37,0.58,,,,,,firms,VIIRS,VIIRS_NOAA21_NRT
-8.28128,113.24479,2026-04-29,610,N21,n,2.0NRT,4.97,D,0.46,0.39,,,,,,firms,VIIRS,VIIRS_NOAA21_NRT
-8.28061,113.24892,2026-04-29,610,N21,n,2.0NRT,4.97,D,0.46,0.39,,,,,,firms,VIIRS,VIIRS_NOAA21_NRT
-7.79253,112.01366,2026-04-29,610,N21,n,2.0NRT,6.39,D,0.41,0.37,,,,,,firms,VIIRS,VIIRS_NOAA21_NRT
-6.87576,108.77171,2026-04-29,612,N21,n,2.0NRT,4.19,D,0.39,0.36,,,,,,firms,VIIRS,VIIRS_NOAA21_NRT
-6.54836,108.0947,2026-04-29,612,N21,n,2.0NRT,4.3,D,0.41,0.37,,,,,,firms,VIIRS,VIIRS_NOAA21_NRT
-5.26333,104.29301,2026-04-29,612,N21,n,2.0NRT,3.88,D,0.4,0.45,,,,,,firms,VIIRS,VIIRS_NOAA21_NRT
-4.85467,103.431,2026-04-29,612,N21,n,2.0NRT,5.17,D,0.45,0.47,,,,,,firms,VIIRS,VIIRS_NOAA21_NRT
-4.51345,103.81294,2026-04-29,612,N21,n,2.0NRT,7.25,D,0.42,0.45,,,,,,firms,VIIRS,VIIRS_NOAA21_NRT
-3.75149,105.74993,2026-04-29,612,N21,n,2.0NRT,14.33,D,0.48,0.4,,,,,,firms,VIIRS,VIIRS_NOAA21_NRT
-3.72934,105.82471,2026-04-29,612,N21,n,2.0NRT,7.99,D,0.47,0.4,,,,,,firms,VIIRS,VIIRS_NOAA21_NRT
-3.68748,103.65739,2026-04-29,612,N21,n,2.0NRT,18.85,D,0.42,0.45,,,,,,firms,VIIRS,VIIRS_NOAA21_NRT
-3.37498,104.04955,2026-04-29,612,N21,n,2.0NRT,7.68,D,0.39,0.44,,,,,,firms,VIIRS,VIIRS_NOAA21_NRT
-2.92771,104.68807,2026-04-29,612,N21,n,2.0NRT,3.28,D,0.53,0.42,,,,,,firms,VIIRS,VIIRS_NOAA21_NRT
-2.88426,115.25808,2026-04-29,612,N21,n,2.0NRT,10.74,D,0.48,0.48,,,,,,firms,VIIRS,VIIRS_NOAA21_NRT
-2.63408,110.41559,2026-04-29,612,N21,n,2.0NRT,11.47,D,0.4,0.37,,,,,,firms,VIIRS,VIIRS_NOAA21_NRT
-2.63353,110.41918,2026-04-29,612,N21,n,2.0NRT,18.28,D,0.4,0.37,,,,,,firms,VIIRS,VIIRS_NOAA21_NRT
-2.63016,110.41867,2026-04-29,612,N21,n,2.0NRT,18.28,D,0.4,0.37,,,,,,firms,VIIRS,VIIRS_NOAA21_NRT
-2.6007,115.02275,2026-04-29,612,N21,n,2.0NRT,3.04,D,0.47,0.47,,,,,,firms,VIIRS,VIIRS_NOAA21_NRT
-2.49511,115.31966,2026-04-29,612,N21,n,2.0NRT,8.77,D,0.49,0.49,,,,,,firms,VIIRS,VIIRS_NOAA21_NRT
-2.16469,119.3511,2026-04-29,612,N21,n,2.0NRT,4.25,D,0.47,0.64,,,,,,firms,VIIRS,VIIRS_NOAA21_NRT
-2.02824,115.04911,2026-04-29,612,N21,n,2.0NRT,13.27,D,0.48,0.48,,,,,,firms,VIIRS,VIIRS_NOAA21_NRT
-2.01569,121.42017,2026-04-29,612,N21,n,2.0NRT,10.77,D,0.66,0.73,,,,,,firms,VIIRS,VIIRS_NOAA21_NRT
-2.01344,121.41769,2026-04-29,612,N21,n,2.0NRT,11.43,D,0.66,0.73,,,,,,firms,VIIRS,VIIRS_NOAA21_NRT
-1.89457,115.86401,2026-04-29,612,N21,n,2.0NRT,19.83,D,0.54,0.51,,,,,,firms,VIIRS,VIIRS_NOAA21_NRT
-1.88993,115.86327,2026-04-29,612,N21,n,2.0NRT,7.78,D,0.54,0.51,,,,,,firms,VIIRS,VIIRS_NOAA21_NRT
-1.85247,111.39224,2026-04-29,612,N21,n,2.0NRT,16.61,D,0.44,0.38,,,,,,firms,VIIRS,VIIRS_NOAA21_NRT
-1.84835,111.39566,2026-04-29,612,N21,n,2.0NRT,26.83,D,0.44,0.38,,,,,,firms,VIIRS,VIIRS_NOAA21_NRT
-1.77855,111.11891,2026-04-29,612,N21,n,2.0NRT,6.15,D,0.43,0.38,,,,,,firms,VIIRS,VIIRS_NOAA21_NRT
-1.52874,110.52782,2026-04-29,612,N21,n,2.0NRT,12.55,D,0.41,0.37,,,,,,firms,VIIRS,VIIRS_NOAA21_NRT
-0.74261,114.1518,2026-04-29,612,N21,n,2.0NRT,3.54,D,0.43,0.46,,,,,,firms,VIIRS,VIIRS_NOAA21_NRT
-0.54295,115.54884,2026-04-29,612,N21,n,2.0NRT,10.38,D,0.54,0.51,,,,,,firms,VIIRS,VIIRS_NOAA21_NRT
-0.3085,116.69492,2026-04-29,612,N21,n,2.0NRT,5.57,D,0.33,0.55,,,,,,firms,VIIRS,VIIRS_NOAA21_NRT
-0.3077,116.69531,2026-04-29,612,N21,n,2.0NRT,5.94,D,0.33,0.55,,,,,,firms,VIIRS,VIIRS_NOAA21_NRT
-0.29902,117.35838,2026-04-29,612,N21,h,2.0NRT,9.23,D,0.37,0.58,,,,,,firms,VIIRS,VIIRS_NOAA21_NRT
-1.60199,105.52862,2026-04-29,614,N21,n,2.0NRT,6.52,D,0.46,0.39,,,,,,firms,VIIRS,VIIRS_NOAA21_NRT
-0.12855,110.27688,2026-04-29,614,N21,n,2.0NRT,7.9,D,0.41,0.37,,,,,,firms,VIIRS,VIIRS_NOAA21_NRT
0.47473,109.73741,2026-04-29,614,N21,n,2.0NRT,3.91,D,0.4,0.37,,,,,,firms,VIIRS,VIIRS_NOAA21_NRT
0.51808,111.97353,2026-04-29,614,N21,n,2.0NRT,9.01,D,0.5,0.41,,,,,,firms,VIIRS,VIIRS_NOAA21_NRT
0.52746,117.17093,2026-04-29,614,N21,n,2.0NRT,4.79,D,0.37,0.58,,,,,,firms,VIIRS,VIIRS_NOAA21_NRT
0.67544,117.56333,2026-04-29,614,N21,n,2.0NRT,5.38,D,0.39,0.6,,,,,,firms,VIIRS,VIIRS_NOAA21_NRT
0.67745,117.56537,2026-04-29,614,N21,n,2.0NRT,6.92,D,0.39,0.6,,,,,,firms,VIIRS,VIIRS_NOAA21_NRT
0.74915,112.35033,2026-04-29,614,N21,n,2.0NRT,3.61,D,0.53,0.42,,,,,,firms,VIIRS,VIIRS_NOAA21_NRT
0.83757,117.01724,2026-04-29,614,N21,n,2.0NRT,2.75,D,0.36,0.58,,,,,,firms,VIIRS,VIIRS_NOAA21_NRT
0.88786,116.92556,2026-04-29,614,N21,n,2.0NRT,5.56,D,0.36,0.57,,,,,,firms,VIIRS,VIIRS_NOAA21_NRT
1.18243,98.92536,2026-04-29,614,N21,n,2.0NRT,4.32,D,0.38,0.58,,,,,,firms,VIIRS,VIIRS_NOAA21_NRT
1.33243,116.69452,2026-04-29,614,N21,n,2.0NRT,4.86,D,0.35,0.57,,,,,,firms,VIIRS,VIIRS_NOAA21_NRT
1.3526,116.61805,2026-04-29,614,N21,n,2.0NRT,5.85,D,0.35,0.56,,,,,,firms,VIIRS,VIIRS_NOAA21_NRT
1.50875,117.04649,2026-04-29,614,N21,h,2.0NRT,18.5,D,0.37,0.58,,,,,,firms,VIIRS,VIIRS_NOAA21_NRT
1.76964,117.91688,2026-04-29,614,N21,n,2.0NRT,4.8,D,0.43,0.62,,,,,,firms,VIIRS,VIIRS_NOAA21_NRT
1.77022,117.9207,2026-04-29,614,N21,n,2.0NRT,4.8,D,0.43,0.62,,,,,,firms,VIIRS,VIIRS_NOAA21_NRT
1.89273,109.65093,2026-04-29,614,N21,n,2.0NRT,4.71,D,0.41,0.37,,,,,,firms,VIIRS,VIIRS_NOAA21_NRT
1.89327,109.65459,2026-04-29,614,N21,n,2.0NRT,4.71,D,0.41,0.37,,,,,,firms,VIIRS,VIIRS_NOAA21_NRT
1.94299,109.4802,2026-04-29,614,N21,n,2.0NRT,14.09,D,0.4,0.37,,,,,,firms,VIIRS,VIIRS_NOAA21_NRT
2.18162,111.61124,2026-04-29,614,N21,n,2.0NRT,7.7,D,0.5,0.41,,,,,,firms,VIIRS,VIIRS_NOAA21_NRT
2.69119,97.76554,2026-04-29,614,N21,n,2.0NRT,5.1,D,0.43,0.62,,,,,,firms,VIIRS,VIIRS_NOAA21_NRT
2.71413,101.55538,2026-04-29,614,N21,n,2.0NRT,7.48,D,0.47,0.48,,,,,,firms,VIIRS,VIIRS_NOAA21_NRT
2.80151,111.61457,2026-04-29,614,N21,n,2.0NRT,21.07,D,0.51,0.41,,,,,,firms,VIIRS,VIIRS_NOAA21_NRT
2.80527,111.61402,2026-04-29,614,N21,n,2.0NRT,16.56,D,0.51,0.41,,,,,,firms,VIIRS,VIIRS_NOAA21_NRT
2.80637,111.6154,2026-04-29,614,N21,n,2.0NRT,3.35,D,0.51,0.41,,,,,,firms,VIIRS,VIIRS_NOAA21_NRT
2.94526,113.50368,2026-04-29,614,N21,n,2.0NRT,3.38,D,0.45,0.47,,,,,,firms,VIIRS,VIIRS_NOAA21_NRT
3.06301,113.06838,2026-04-29,614,N21,n,2.0NRT,9.27,D,0.42,0.45,,,,,,firms,VIIRS,VIIRS_NOAA21_NRT
3.0871,113.5239,2026-04-29,614,N21,n,2.0NRT,3.74,D,0.45,0.47,,,,,,firms,VIIRS,VIIRS_NOAA21_NRT
3.27634,113.07578,2026-04-29,614,N21,n,2.0NRT,5.41,D,0.42,0.45,,,,,,firms,VIIRS,VIIRS_NOAA21_NRT
3.4499,103.39028,2026-04-29,614,N21,n,2.0NRT,8.6,D,0.52,0.42,,,,,,firms,VIIRS,VIIRS_NOAA21_NRT
3.48678,101.47411,2026-04-29,614,N21,n,2.0NRT,7.67,D,0.46,0.47,,,,,,firms,VIIRS,VIIRS_NOAA21_NRT
3.52293,113.31241,2026-04-29,614,N21,n,2.0NRT,7.38,D,0.44,0.46,,,,,,firms,VIIRS,VIIRS_NOAA21_NRT
3.55457,113.38062,2026-04-29,614,N21,n,2.0NRT,3.69,D,0.45,0.47,,,,,,firms,VIIRS,VIIRS_NOAA21_NRT
3.60444,112.41321,2026-04-29,614,N21,n,2.0NRT,3.52,D,0.39,0.44,,,,,,firms,VIIRS,VIIRS_NOAA21_NRT
3.74083,108.30998,2026-04-29,614,N21,n,2.0NRT,124.97,D,0.39,0.36,,,,,,firms,VIIRS,VIIRS_NOAA21_NRT
3.74414,108.30948,2026-04-29,614,N21,n,2.0NRT,8.95,D,0.39,0.36,,,,,,firms,VIIRS,VIIRS_NOAA21_NRT
3.78676,108.36716,2026-04-29,614,N21,n,2.0NRT,5.84,D,0.39,0.36,,,,,,firms,VIIRS,VIIRS_NOAA21_NRT
3.94329,108.23186,2026-04-29,614,N21,n,2.0NRT,4.07,D,0.39,0.36,,,,,,firms,VIIRS,VIIRS_NOAA21_NRT
3.94753,114.11929,2026-04-29,614,N21,n,2.0NRT,7.22,D,0.51,0.49,,,,,,firms,VIIRS,VIIRS_NOAA21_NRT
3.95,114.12122,2026-04-29,614,N21,n,2.0NRT,6.4,D,0.51,0.49,,,,,,firms,VIIRS,VIIRS_NOAA21_NRT
3.98032,117.34866,2026-04-29,614,N21,n,2.0NRT,4.6,D,0.43,0.62,,,,,,firms,VIIRS,VIIRS_NOAA21_NRT
3.98231,117.34888,2026-04-29,614,N21,n,2.0NRT,5.31,D,0.43,0.62,,,,,,firms,VIIRS,VIIRS_NOAA21_NRT
4.04374,113.86335,2026-04-29,614,N21,n,2.0NRT,4.75,D,0.49,0.49,,,,,,firms,VIIRS,VIIRS_NOAA21_NRT
4.04437,113.8677,2026-04-29,614,N21,n,2.0NRT,4.75,D,0.49,0.49,,,,,,firms,VIIRS,VIIRS_NOAA21_NRT
4.04818,113.86272,2026-04-29,614,N21,n,2.0NRT,7.35,D,0.49,0.49,,,,,,firms,VIIRS,VIIRS_NOAA21_NRT
4.05262,113.8621,2026-04-29,614,N21,n,2.0NRT,7.35,D,0.49,0.49,,,,,,firms,VIIRS,VIIRS_NOAA21_NRT
4.33356,103.40386,2026-04-29,614,N21,n,2.0NRT,5.39,D,0.51,0.41,,,,,,firms,VIIRS,VIIRS_NOAA21_NRT
4.55604,103.45932,2026-04-29,614,N21,n,2.0NRT,9.57,D,0.5,0.41,,,,,,firms,VIIRS,VIIRS_NOAA21_NRT
4.90269,103.12287,2026-04-29,614,N21,n,2.0NRT,7.46,D,0.52,0.42,,,,,,firms,VIIRS,VIIRS_NOAA21_NRT
5.5016,105.20959,2026-04-29,614,N21,n,2.0NRT,2.62,D,0.41,0.37,,,,,,firms,VIIRS,VIIRS_NOAA21_NRT
5.62911,116.28536,2026-04-29,614,N21,n,2.0NRT,4.29,D,0.38,0.59,,,,,,firms,VIIRS,VIIRS_NOAA21_NRT
0.50876,127.89863,2026-04-29,1711,N21,n,2.0NRT,1.62,N,0.54,0.42,,,,,,firms,VIIRS,VIIRS_NOAA21_NRT
0.50951,127.89386,2026-04-29,1711,N21,n,2.0NRT,1.62,N,0.54,0.42,,,,,,firms,VIIRS,VIIRS_NOAA21_NRT
0.69313,122.3647,2026-04-29,1711,N21,n,2.0NRT,0.78,N,0.4,0.37,,,,,,firms,VIIRS,VIIRS_NOAA21_NRT
1.49275,127.63681,2026-04-29,1711,N21,n,2.0NRT,1.03,N,0.51,0.41,,,,,,firms,VIIRS,VIIRS_NOAA21_NRT
1.49347,127.63229,2026-04-29,1711,N21,n,2.0NRT,6.75,N,0.51,0.41,,,,,,firms,VIIRS,VIIRS_NOAA21_NRT
1.50013,127.63876,2026-04-29,1711,N21,n,2.0NRT,1.36,N,0.51,0.41,,,,,,firms,VIIRS,VIIRS_NOAA21_NRT
1.69903,127.87659,2026-04-29,1711,N21,n,2.0NRT,13.85,N,0.52,0.42,,,,,,firms,VIIRS,VIIRS_NOAA21_NRT
1.70282,127.87722,2026-04-29,1711,N21,n,2.0NRT,13.85,N,0.52,0.42,,,,,,firms,VIIRS,VIIRS_NOAA21_NRT
2.77655,125.40749,2026-04-29,1711,N21,n,2.0NRT,2.04,N,0.4,0.37,,,,,,firms,VIIRS,VIIRS_NOAA21_NRT
2.77992,125.40794,2026-04-29,1711,N21,n,2.0NRT,2.04,N,0.4,0.37,,,,,,firms,VIIRS,VIIRS_NOAA21_NRT
2.80329,111.61581,2026-04-29,1711,N21,n,2.0NRT,3.35,N,0.63,0.72,,,,,,firms,VIIRS,VIIRS_NOAA21_NRT
4.02354,117.20547,2026-04-29,1711,N21,n,2.0NRT,1.39,N,0.54,0.51,,,,,,firms,VIIRS,VIIRS_NOAA21_NRT
4.61004,114.35054,2026-04-29,1711,N21,n,2.0NRT,3.96,N,0.43,0.62,,,,,,firms,VIIRS,VIIRS_NOAA21_NRT
4.66933,114.46101,2026-04-29,1711,N21,n,2.0NRT,0.92,N,0.43,0.62,,,,,,firms,VIIRS,VIIRS_NOAA21_NRT
4.66989,114.45715,2026-04-29,1711,N21,n,2.0NRT,1.45,N,0.43,0.62,,,,,,firms,VIIRS,VIIRS_NOAA21_NRT
4.74018,113.72515,2026-04-29,1711,N21,n,2.0NRT,6.47,N,0.48,0.65,,,,,,firms,VIIRS,VIIRS_NOAA21_NRT
4.9761,112.98136,2026-04-29,1711,N21,n,2.0NRT,4.95,N,0.55,0.68,,,,,,firms,VIIRS,VIIRS_NOAA21_NRT
4.97676,112.97645,2026-04-29,1711,N21,n,2.0NRT,4.95,N,0.55,0.68,,,,,,firms,VIIRS,VIIRS_NOAA21_NRT
4.97775,112.98174,2026-04-29,1711,N21,n,2.0NRT,5.33,N,0.55,0.68,,,,,,firms,VIIRS,VIIRS_NOAA21_NRT
4.97845,112.97684,2026-04-29,1711,N21,n,2.0NRT,5.33,N,0.55,0.68,,,,,,firms,VIIRS,VIIRS_NOAA21_NRT
5.42684,114.71023,2026-04-29,1711,N21,n,2.0NRT,1.86,N,0.42,0.61,,,,,,firms,VIIRS,VIIRS_NOAA21_NRT
5.56311,114.98515,2026-04-29,1711,N21,n,2.0NRT,1.96,N,0.41,0.6,,,,,,firms,VIIRS,VIIRS_NOAA21_NRT
5.6161,114.88773,2026-04-29,1711,N21,n,2.0NRT,3.34,N,0.41,0.61,,,,,,firms,VIIRS,VIIRS_NOAA21_NRT
-3.90367,122.42033,2026-04-29,1713,N21,n,2.0NRT,1.68,N,0.38,0.36,,,,,,firms,VIIRS,VIIRS_NOAA21_NRT
-3.90313,122.41691,2026-04-29,1713,N21,n,2.0NRT,1.68,N,0.38,0.36,,,,,,firms,VIIRS,VIIRS_NOAA21_NRT
-3.76147,115.43089,2026-04-29,1713,N21,n,2.0NRT,0.82,N,0.54,0.51,,,,,,firms,VIIRS,VIIRS_NOAA21_NRT
-2.8854,115.25748,2026-04-29,1713,N21,n,2.0NRT,2.57,N,0.57,0.52,,,,,,firms,VIIRS,VIIRS_NOAA21_NRT
-2.88516,115.2598,2026-04-29,1713,N21,n,2.0NRT,1.54,N,0.57,0.52,,,,,,firms,VIIRS,VIIRS_NOAA21_NRT
-2.88434,115.25461,2026-04-29,1713,N21,n,2.0NRT,1.54,N,0.57,0.52,,,,,,firms,VIIRS,VIIRS_NOAA21_NRT
-2.87814,122.16876,2026-04-29,1713,N21,n,2.0NRT,3.97,N,0.39,0.36,,,,,,firms,VIIRS,VIIRS_NOAA21_NRT
-2.86882,122.15255,2026-04-29,1713,N21,n,2.0NRT,1.57,N,0.39,0.36,,,,,,firms,VIIRS,VIIRS_NOAA21_NRT
-2.86551,122.15305,2026-04-29,1713,N21,n,2.0NRT,1.67,N,0.39,0.36,,,,,,firms,VIIRS,VIIRS_NOAA21_NRT
-2.86219,122.15355,2026-04-29,1713,N21,n,2.0NRT,1.67,N,0.39,0.36,,,,,,firms,VIIRS,VIIRS_NOAA21_NRT
-2.86041,122.18559,2026-04-29,1713,N21,n,2.0NRT,4.18,N,0.39,0.36,,,,,,firms,VIIRS,VIIRS_NOAA21_NRT
-2.85987,122.18215,2026-04-29,1713,N21,n,2.0NRT,3.23,N,0.39,0.36,,,,,,firms,VIIRS,VIIRS_NOAA21_NRT
-2.84,122.18521,2026-04-29,1713,N21,n,2.0NRT,3.81,N,0.39,0.36,,,,,,firms,VIIRS,VIIRS_NOAA21_NRT
-2.5834,121.37505,2026-04-29,1713,N21,n,2.0NRT,0.69,N,0.4,0.37,,,,,,firms,VIIRS,VIIRS_NOAA21_NRT
-2.5806,121.37913,2026-04-29,1713,N21,n,2.0NRT,9.81,N,0.4,0.37,,,,,,firms,VIIRS,VIIRS_NOAA21_NRT
-2.58004,121.37559,2026-04-29,1713,N21,n,2.0NRT,9.81,N,0.4,0.37,,,,,,firms,VIIRS,VIIRS_NOAA21_NRT
-2.57948,121.37204,2026-04-29,1713,N21,n,2.0NRT,0.85,N,0.4,0.37,,,,,,firms,VIIRS,VIIRS_NOAA21_NRT
-2.57779,121.38321,2026-04-29,1713,N21,n,2.0NRT,1.02,N,0.4,0.37,,,,,,firms,VIIRS,VIIRS_NOAA21_NRT
-2.57723,121.37966,2026-04-29,1713,N21,n,2.0NRT,9.81,N,0.4,0.37,,,,,,firms,VIIRS,VIIRS_NOAA21_NRT
-2.57668,121.37611,2026-04-29,1713,N21,n,2.0NRT,9.81,N,0.4,0.37,,,,,,firms,VIIRS,VIIRS_NOAA21_NRT
-2.56995,121.37716,2026-04-29,1713,N21,n,2.0NRT,2.83,N,0.4,0.37,,,,,,firms,VIIRS,VIIRS_NOAA21_NRT
-1.45784,127.43501,2026-04-29,1713,N21,n,2.0NRT,5.16,N,0.54,0.42,,,,,,firms,VIIRS,VIIRS_NOAA21_NRT
-1.38265,122.48085,2026-04-29,1713,N21,n,2.0NRT,2.81,N,0.39,0.36,,,,,,firms,VIIRS,VIIRS_NOAA21_NRT
-1.24478,116.81203,2026-04-29,1713,N21,n,2.0NRT,3.14,N,0.48,0.48,,,,,,firms,VIIRS,VIIRS_NOAA21_NRT
-1.24174,116.82126,2026-04-29,1713,N21,n,2.0NRT,1.91,N,0.48,0.48,,,,,,firms,VIIRS,VIIRS_NOAA21_NRT
-1.24107,116.81699,2026-04-29,1713,N21,n,2.0NRT,1.91,N,0.48,0.48,,,,,,firms,VIIRS,VIIRS_NOAA21_NRT
-0.70732,117.06342,2026-04-29,1713,N21,n,2.0NRT,1.15,N,0.47,0.48,,,,,,firms,VIIRS,VIIRS_NOAA21_NRT
-0.24231,116.94806,2026-04-29,1713,N21,n,2.0NRT,1.64,N,0.48,0.48,,,,,,firms,VIIRS,VIIRS_NOAA21_NRT
0.55074,117.24007,2026-04-29,1713,N21,n,2.0NRT,0.65,N,0.48,0.48,,,,,,firms,VIIRS,VIIRS_NOAA21_NRT
0.68742,117.46851,2026-04-29,1713,N21,n,2.0NRT,0.87,N,0.46,0.47,,,,,,firms,VIIRS,VIIRS_NOAA21_NRT
0.69222,117.55272,2026-04-29,1713,N21,n,2.0NRT,1.92,N,0.46,0.47,,,,,,firms,VIIRS,VIIRS_NOAA21_NRT
0.70597,117.46303,2026-04-29,1713,N21,n,2.0NRT,0.87,N,0.46,0.47,,,,,,firms,VIIRS,VIIRS_NOAA21_NRT
-8.27261,123.5075,2026-04-29,1715,N21,n,2.0NRT,2.58,N,0.41,0.37,,,,,,firms,VIIRS,VIIRS_NOAA21_NRT
-8.11593,112.931,2026-04-29,1715,N21,n,2.0NRT,1.2,N,0.34,0.56,,,,,,firms,VIIRS,VIIRS_NOAA21_NRT
-8.11562,112.92924,2026-04-29,1715,N21,n,2.0NRT,1.2,N,0.34,0.56,,,,,,firms,VIIRS,VIIRS_NOAA21_NRT
-8.11522,112.92706,2026-04-29,1715,N21,n,2.0NRT,4.09,N,0.34,0.56,,,,,,firms,VIIRS,VIIRS_NOAA21_NRT
-8.11481,112.92479,2026-04-29,1715,N21,n,2.0NRT,4.09,N,0.34,0.56,,,,,,firms,VIIRS,VIIRS_NOAA21_NRT
-8.11434,112.92215,2026-04-29,1715,N21,h,2.0NRT,8.61,N,0.34,0.56,,,,,,firms,VIIRS,VIIRS_NOAA21_NRT
-8.11374,112.91884,2026-04-29,1715,N21,n,2.0NRT,8.61,N,0.34,0.56,,,,,,firms,VIIRS,VIIRS_NOAA21_NRT
-8.10943,112.92409,2026-04-29,1715,N21,n,2.0NRT,1.16,N,0.34,0.56,,,,,,firms,VIIRS,VIIRS_NOAA21_NRT
4.14283,105.1086,2026-04-29,1851,N21,n,2.0NRT,3.58,N,0.47,0.48,,,,,,firms,VIIRS,VIIRS_NOAA21_NRT
4.57412,103.44862,2026-04-29,1851,N21,n,2.0NRT,2.78,N,0.54,0.42,,,,,,firms,VIIRS,VIIRS_NOAA21_NRT
4.65917,97.22533,2026-04-29,1851,N21,n,2.0NRT,0.44,N,0.41,0.37,,,,,,firms,VIIRS,VIIRS_NOAA21_NRT
4.67045,97.86123,2026-04-29,1851,N21,n,2.0NRT,0.61,N,0.4,0.37,,,,,,firms,VIIRS,VIIRS_NOAA21_NRT
4.72162,97.27218,2026-04-29,1851,N21,n,2.0NRT,1.27,N,0.41,0.37,,,,,,firms,VIIRS,VIIRS_NOAA21_NRT
4.72219,97.26852,2026-04-29,1851,N21,n,2.0NRT,1.27,N,0.41,0.37,,,,,,firms,VIIRS,VIIRS_NOAA21_NRT
4.80239,97.4302,2026-04-29,1851,N21,n,2.0NRT,0.58,N,0.41,0.37,,,,,,firms,VIIRS,VIIRS_NOAA21_NRT
4.97697,112.98972,2026-04-29,1851,N21,n,2.0NRT,1.69,N,0.79,0.78,,,,,,firms,VIIRS,VIIRS_NOAA21_NRT
4.97823,112.9827,2026-04-29,1851,N21,n,2.0NRT,1.69,N,0.79,0.78,,,,,,firms,VIIRS,VIIRS_NOAA21_NRT
5.2224,97.07341,2026-04-29,1851,N21,n,2.0NRT,0.4,N,0.42,0.38,,,,,,firms,VIIRS,VIIRS_NOAA21_NRT
5.26725,103.03049,2026-04-29,1851,N21,n,2.0NRT,1.72,N,0.5,0.41,,,,,,firms,VIIRS,VIIRS_NOAA21_NRT
5.37322,104.89578,2026-04-29,1851,N21,n,2.0NRT,2.07,N,0.43,0.46,,,,,,firms,VIIRS,VIIRS_NOAA21_NRT
5.58584,104.47507,2026-04-29,1851,N21,n,2.0NRT,2.75,N,0.4,0.45,,,,,,firms,VIIRS,VIIRS_NOAA21_NRT
5.73757,103.64872,2026-04-29,1851,N21,n,2.0NRT,1.34,N,0.54,0.42,,,,,,firms,VIIRS,VIIRS_NOAA21_NRT
5.8824,102.48102,2026-04-29,1851,N21,n,2.0NRT,1.47,N,0.46,0.39,,,,,,firms,VIIRS,VIIRS_NOAA21_NRT
5.9326,102.42136,2026-04-29,1851,N21,n,2.0NRT,0.86,N,0.46,0.39,,,,,,firms,VIIRS,VIIRS_NOAA21_NRT
5.9984,102.07972,2026-04-29,1851,N21,n,2.0NRT,1.31,N,0.44,0.39,,,,,,firms,VIIRS,VIIRS_NOAA21_NRT
-1.57663,103.68591,2026-04-29,1853,N21,n,2.0NRT,0.48,N,0.46,0.47,,,,,,firms,VIIRS,VIIRS_NOAA21_NRT
-1.57295,103.69064,2026-04-29,1853,N21,n,2.0NRT,0.48,N,0.46,0.47,,,,,,firms,VIIRS,VIIRS_NOAA21_NRT
-1.56496,103.69609,2026-04-29,1853,N21,n,2.0NRT,0.66,N,0.46,0.47,,,,,,firms,VIIRS,VIIRS_NOAA21_NRT
-1.17546,103.35986,2026-04-29,1853,N21,n,2.0NRT,0.51,N,0.43,0.46,,,,,,firms,VIIRS,VIIRS_NOAA21_NRT
-1.02467,103.36259,2026-04-29,1853,N21,n,2.0NRT,0.42,N,0.43,0.46,,,,,,firms,VIIRS,VIIRS_NOAA21_NRT
-0.98863,103.3318,2026-04-29,1853,N21,n,2.0NRT,0.44,N,0.43,0.46,,,,,,firms,VIIRS,VIIRS_NOAA21_NRT
-0.02795,100.00314,2026-04-29,1853,N21,n,2.0NRT,0.29,N,0.42,0.37,,,,,,firms,VIIRS,VIIRS_NOAA21_NRT
0.44349,101.89384,2026-04-29,1853,N21,n,2.0NRT,1.95,N,0.5,0.41,,,,,,firms,VIIRS,VIIRS_NOAA21_NRT
2.53304,101.81381,2026-04-29,1853,N21,n,2.0NRT,1.95,N,0.47,0.4,,,,,,firms,VIIRS,VIIRS_NOAA21_NRT
2.61763,98.02924,2026-04-29,1853,N21,n,2.0NRT,0.66,N,0.39,0.36,,,,,,firms,VIIRS,VIIRS_NOAA21_NRT
3.21888,101.62866,2026-04-29,1853,N21,n,2.0NRT,1.32,N,0.45,0.39,,,,,,firms,VIIRS,VIIRS_NOAA21_NRT
4.29737,97.90135,2026-04-29,1853,N21,n,2.0NRT,0.72,N,0.39,0.36,,,,,,firms,VIIRS,VIIRS_NOAA21_NRT
-8.90815,140.74883,2026-04-30,410,N21,n,2.0NRT,11.53,D,0.38,0.36,,,,,,firms,VIIRS,VIIRS_NOAA21_NRT
-8.43104,140.88956,2026-04-30,410,N21,n,2.0NRT,3.21,D,0.39,0.36,,,,,,firms,VIIRS,VIIRS_NOAA21_NRT
-8.42773,140.88905,2026-04-30,410,N21,n,2.0NRT,6.75,D,0.39,0.36,,,,,,firms,VIIRS,VIIRS_NOAA21_NRT
-8.10486,139.43289,2026-04-30,410,N21,n,2.0NRT,2.17,D,0.39,0.36,,,,,,firms,VIIRS,VIIRS_NOAA21_NRT
-8.04645,138.7984,2026-04-30,410,N21,n,2.0NRT,4.37,D,0.4,0.37,,,,,,firms,VIIRS,VIIRS_NOAA21_NRT
-8.04314,140.73503,2026-04-30,410,N21,n,2.0NRT,4.36,D,0.39,0.36,,,,,,firms,VIIRS,VIIRS_NOAA21_NRT
-8.03984,140.73451,2026-04-30,410,N21,n,2.0NRT,4.36,D,0.39,0.36,,,,,,firms,VIIRS,VIIRS_NOAA21_NRT
-7.98261,139.88489,2026-04-30,410,N21,n,2.0NRT,3.78,D,0.38,0.36,,,,,,firms,VIIRS,VIIRS_NOAA21_NRT
-7.91349,138.82277,2026-04-30,410,N21,n,2.0NRT,3.23,D,0.4,0.37,,,,,,firms,VIIRS,VIIRS_NOAA21_NRT
-7.83786,138.85512,2026-04-30,410,N21,n,2.0NRT,5.97,D,0.4,0.37,,,,,,firms,VIIRS,VIIRS_NOAA21_NRT
-7.47419,138.39954,2026-04-30,410,N21,n,2.0NRT,4.79,D,0.41,0.37,,,,,,firms,VIIRS,VIIRS_NOAA21_NRT
-7.44566,138.35783,2026-04-30,410,N21,n,2.0NRT,10.96,D,0.41,0.37,,,,,,firms,VIIRS,VIIRS_NOAA21_NRT
-7.44444,138.85304,2026-04-30,410,N21,n,2.0NRT,2.25,D,0.4,0.37,,,,,,firms,VIIRS,VIIRS_NOAA21_NRT
-7.34165,131.40335,2026-04-30,410,N21,n,2.0NRT,1.97,D,0.35,0.56,,,,,,firms,VIIRS,VIIRS_NOAA21_NRT
-6.75886,139.22989,2026-04-30,410,N21,n,2.0NRT,2.31,D,0.39,0.36,,,,,,firms,VIIRS,VIIRS_NOAA21_NRT
-6.62091,139.04047,2026-04-30,410,N21,n,2.0NRT,11.32,D,0.39,0.36,,,,,,firms,VIIRS,VIIRS_NOAA21_NRT
-3.84728,138.81279,2026-04-30,412,N21,n,2.0NRT,5.18,D,0.39,0.36,,,,,,firms,VIIRS,VIIRS_NOAA21_NRT
1.24888,127.89576,2026-04-30,414,N21,n,2.0NRT,5.62,D,0.45,0.63,,,,,,firms,VIIRS,VIIRS_NOAA21_NRT
1.25048,127.89737,2026-04-30,414,N21,n,2.0NRT,7.66,D,0.45,0.63,,,,,,firms,VIIRS,VIIRS_NOAA21_NRT
-9.40875,119.79774,2026-04-30,553,N21,n,2.0NRT,7.54,D,0.55,0.43,,,,,,firms,VIIRS,VIIRS_NOAA21_NRT
-9.36104,119.91316,2026-04-30,553,N21,n,2.0NRT,5.27,D,0.56,0.43,,,,,,firms,VIIRS,VIIRS_NOAA21_NRT
-9.36096,119.91572,2026-04-30,553,N21,n,2.0NRT,6.54,D,0.56,0.43,,,,,,firms,VIIRS,VIIRS_NOAA21_NRT
-6.306,107.14016,2026-04-30,553,N21,n,2.0NRT,6.14,D,0.56,0.52,,,,,,firms,VIIRS,VIIRS_NOAA21_NRT
-6.30389,107.14146,2026-04-30,553,N21,n,2.0NRT,5.48,D,0.56,0.52,,,,,,firms,VIIRS,VIIRS_NOAA21_NRT
-3.99705,122.15519,2026-04-30,553,N21,n,2.0NRT,2.71,D,0.32,0.55,,,,,,firms,VIIRS,VIIRS_NOAA21_NRT
-3.90273,122.41679,2026-04-30,553,N21,n,2.0NRT,6.03,D,0.34,0.56,,,,,,firms,VIIRS,VIIRS_NOAA21_NRT
-3.90223,122.41978,2026-04-30,553,N21,n,2.0NRT,7.14,D,0.34,0.56,,,,,,firms,VIIRS,VIIRS_NOAA21_NRT
-3.89304,122.25611,2026-04-30,553,N21,n,2.0NRT,8.86,D,0.33,0.55,,,,,,firms,VIIRS,VIIRS_NOAA21_NRT
-3.87272,122.40875,2026-04-30,553,N21,n,2.0NRT,5.2,D,0.34,0.56,,,,,,firms,VIIRS,VIIRS_NOAA21_NRT
-3.86914,122.39893,2026-04-30,553,N21,n,2.0NRT,7.51,D,0.34,0.56,,,,,,firms,VIIRS,VIIRS_NOAA21_NRT
-3.60198,126.21128,2026-04-30,553,N21,n,2.0NRT,14.24,D,0.62,0.72,,,,,,firms,VIIRS,VIIRS_NOAA21_NRT
-1.54638,105.77351,2026-04-30,553,N21,n,2.0NRT,4.2,D,0.59,0.53,,,,,,firms,VIIRS,VIIRS_NOAA21_NRT
-1.54608,105.7718,2026-04-30,553,N21,n,2.0NRT,5.58,D,0.59,0.53,,,,,,firms,VIIRS,VIIRS_NOAA21_NRT
-0.83762,114.88217,2026-04-30,553,N21,n,2.0NRT,3.56,D,0.41,0.37,,,,,,firms,VIIRS,VIIRS_NOAA21_NRT
-0.63202,114.71356,2026-04-30,553,N21,n,2.0NRT,4.67,D,0.4,0.37,,,,,,firms,VIIRS,VIIRS_NOAA21_NRT
-0.63147,114.71716,2026-04-30,553,N21,n,2.0NRT,4.67,D,0.4,0.37,,,,,,firms,VIIRS,VIIRS_NOAA21_NRT
-0.58405,117.38539,2026-04-30,553,N21,n,2.0NRT,5.53,D,0.53,0.42,,,,,,firms,VIIRS,VIIRS_NOAA21_NRT
-0.54178,116.19545,2026-04-30,553,N21,n,2.0NRT,4.66,D,0.46,0.39,,,,,,firms,VIIRS,VIIRS_NOAA21_NRT
-0.49838,116.31052,2026-04-30,553,N21,n,2.0NRT,4.68,D,0.46,0.39,,,,,,firms,VIIRS,VIIRS_NOAA21_NRT
-0.48585,116.95757,2026-04-30,553,N21,n,2.0NRT,6.36,D,0.5,0.41,,,,,,firms,VIIRS,VIIRS_NOAA21_NRT
-0.48409,116.95602,2026-04-30,553,N21,n,2.0NRT,4.61,D,0.5,0.41,,,,,,firms,VIIRS,VIIRS_NOAA21_NRT
-0.19363,117.07357,2026-04-30,553,N21,n,2.0NRT,5.98,D,0.51,0.41,,,,,,firms,VIIRS,VIIRS_NOAA21_NRT
-0.16491,114.80846,2026-04-30,553,N21,n,2.0NRT,3.07,D,0.41,0.37,,,,,,firms,VIIRS,VIIRS_NOAA21_NRT
-0.10934,116.37383,2026-04-30,553,N21,n,2.0NRT,8.66,D,0.47,0.4,,,,,,firms,VIIRS,VIIRS_NOAA21_NRT
-0.02975,116.10901,2026-04-30,553,N21,n,2.0NRT,6.03,D,0.46,0.39,,,,,,firms,VIIRS,VIIRS_NOAA21_NRT
0.03173,117.33218,2026-04-30,553,N21,n,2.0NRT,9.35,D,0.53,0.42,,,,,,firms,VIIRS,VIIRS_NOAA21_NRT
0.2686,117.46424,2026-04-30,553,N21,n,2.0NRT,6.66,D,0.55,0.42,,,,,,firms,VIIRS,VIIRS_NOAA21_NRT
0.27206,116.21799,2026-04-30,553,N21,n,2.0NRT,4.4,D,0.47,0.4,,,,,,firms,VIIRS,VIIRS_NOAA21_NRT
0.27247,117.4636,2026-04-30,553,N21,n,2.0NRT,6.66,D,0.55,0.42,,,,,,firms,VIIRS,VIIRS_NOAA21_NRT
0.30538,117.39344,2026-04-30,553,N21,n,2.0NRT,10.52,D,0.54,0.42,,,,,,firms,VIIRS,VIIRS_NOAA21_NRT
0.32754,117.46009,2026-04-30,553,N21,n,2.0NRT,5.65,D,0.55,0.43,,,,,,firms,VIIRS,VIIRS_NOAA21_NRT
0.40388,123.17354,2026-04-30,553,N21,n,2.0NRT,3.6,D,0.45,0.63,,,,,,firms,VIIRS,VIIRS_NOAA21_NRT
0.42197,117.52327,2026-04-30,553,N21,n,2.0NRT,5.75,D,0.55,0.43,,,,,,firms,VIIRS,VIIRS_NOAA21_NRT
0.42587,117.52264,2026-04-30,553,N21,n,2.0NRT,4.32,D,0.55,0.43,,,,,,firms,VIIRS,VIIRS_NOAA21_NRT
0.49413,117.20882,2026-04-30,553,N21,n,2.0NRT,4.56,D,0.53,0.42,,,,,,firms,VIIRS,VIIRS_NOAA21_NRT
0.49796,117.20822,2026-04-30,553,N21,n,2.0NRT,4.56,D,0.53,0.42,,,,,,firms,VIIRS,VIIRS_NOAA21_NRT
0.58718,117.23505,2026-04-30,553,N21,n,2.0NRT,11.37,D,0.54,0.42,,,,,,firms,VIIRS,VIIRS_NOAA21_NRT
0.83153,120.71272,2026-04-30,553,N21,n,2.0NRT,12.28,D,0.61,0.53,,,,,,firms,VIIRS,VIIRS_NOAA21_NRT
0.83425,120.71021,2026-04-30,553,N21,n,2.0NRT,13.63,D,0.61,0.53,,,,,,firms,VIIRS,VIIRS_NOAA21_NRT
1.03108,121.30346,2026-04-30,553,N21,n,2.0NRT,4.25,D,0.34,0.56,,,,,,firms,VIIRS,VIIRS_NOAA21_NRT
1.07704,121.4509,2026-04-30,553,N21,n,2.0NRT,2.45,D,0.35,0.56,,,,,,firms,VIIRS,VIIRS_NOAA21_NRT
1.08011,103.94408,2026-04-30,553,N21,n,2.0NRT,2.54,D,0.36,0.58,,,,,,firms,VIIRS,VIIRS_NOAA21_NRT
1.13329,121.43921,2026-04-30,553,N21,n,2.0NRT,3.53,D,0.35,0.56,,,,,,firms,VIIRS,VIIRS_NOAA21_NRT
1.13845,121.43844,2026-04-30,553,N21,n,2.0NRT,3.53,D,0.35,0.56,,,,,,firms,VIIRS,VIIRS_NOAA21_NRT
1.19276,117.87058,2026-04-30,553,N21,n,2.0NRT,13.42,D,0.4,0.44,,,,,,firms,VIIRS,VIIRS_NOAA21_NRT
1.23768,117.92178,2026-04-30,553,N21,n,2.0NRT,2.64,D,0.4,0.44,,,,,,firms,VIIRS,VIIRS_NOAA21_NRT
1.42702,118.28725,2026-04-30,553,N21,n,2.0NRT,4.56,D,0.43,0.46,,,,,,firms,VIIRS,VIIRS_NOAA21_NRT
3.18229,117.12798,2026-04-30,553,N21,n,2.0NRT,4.46,D,0.57,0.43,,,,,,firms,VIIRS,VIIRS_NOAA21_NRT
-2.161,121.4332,2026-04-30,555,N21,n,2.0NRT,13.99,D,0.61,0.54,,,,,,firms,VIIRS,VIIRS_NOAA21_NRT
-2.15879,121.43002,2026-04-30,555,N21,n,2.0NRT,15.09,D,0.61,0.54,,,,,,firms,VIIRS,VIIRS_NOAA21_NRT
-2.0154,119.37575,2026-04-30,555,N21,n,2.0NRT,5.49,D,0.45,0.47,,,,,,firms,VIIRS,VIIRS_NOAA21_NRT
-2.01275,121.41666,2026-04-30,555,N21,n,2.0NRT,7.6,D,0.62,0.54,,,,,,firms,VIIRS,VIIRS_NOAA21_NRT
-1.38628,114.27424,2026-04-30,555,N21,n,2.0NRT,3.64,D,0.39,0.36,,,,,,firms,VIIRS,VIIRS_NOAA21_NRT
2.44874,100.30256,2026-04-30,555,N21,n,2.0NRT,7.81,D,0.62,0.71,,,,,,firms,VIIRS,VIIRS_NOAA21_NRT
3.21412,103.23862,2026-04-30,555,N21,n,2.0NRT,6.24,D,0.37,0.58,,,,,,firms,VIIRS,VIIRS_NOAA21_NRT
3.21629,103.2519,2026-04-30,555,N21,n,2.0NRT,5.83,D,0.37,0.58,,,,,,firms,VIIRS,VIIRS_NOAA21_NRT
3.2891,113.08495,2026-04-30,555,N21,n,2.0NRT,5.38,D,0.39,0.36,,,,,,firms,VIIRS,VIIRS_NOAA21_NRT
3.29015,113.09187,2026-04-30,555,N21,n,2.0NRT,2.84,D,0.39,0.36,,,,,,firms,VIIRS,VIIRS_NOAA21_NRT
3.34273,117.64882,2026-04-30,555,N21,n,2.0NRT,8.61,D,0.41,0.45,,,,,,firms,VIIRS,VIIRS_NOAA21_NRT
3.34328,117.65259,2026-04-30,555,N21,n,2.0NRT,8.61,D,0.41,0.45,,,,,,firms,VIIRS,VIIRS_NOAA21_NRT
3.3531,117.14645,2026-04-30,555,N21,n,2.0NRT,11.84,D,0.38,0.43,,,,,,firms,VIIRS,VIIRS_NOAA21_NRT
3.42589,114.12139,2026-04-30,555,N21,n,2.0NRT,5.95,D,0.41,0.37,,,,,,firms,VIIRS,VIIRS_NOAA21_NRT
3.42929,114.1209,2026-04-30,555,N21,n,2.0NRT,3.46,D,0.41,0.37,,,,,,firms,VIIRS,VIIRS_NOAA21_NRT
3.48767,116.60851,2026-04-30,555,N21,n,2.0NRT,5.75,D,0.54,0.42,,,,,,firms,VIIRS,VIIRS_NOAA21_NRT
3.60485,112.41229,2026-04-30,555,N21,n,2.0NRT,4.23,D,0.38,0.36,,,,,,firms,VIIRS,VIIRS_NOAA21_NRT
3.73835,108.30502,2026-04-30,555,N21,n,2.0NRT,3.26,D,0.51,0.41,,,,,,firms,VIIRS,VIIRS_NOAA21_NRT
3.7399,108.3068,2026-04-30,555,N21,n,2.0NRT,2.97,D,0.51,0.41,,,,,,firms,VIIRS,VIIRS_NOAA21_NRT
3.7912,116.76718,2026-04-30,555,N21,n,2.0NRT,5.19,D,0.55,0.43,,,,,,firms,VIIRS,VIIRS_NOAA21_NRT
3.94481,114.11826,2026-04-30,555,N21,n,2.0NRT,5.42,D,0.41,0.37,,,,,,firms,VIIRS,VIIRS_NOAA21_NRT
3.94822,114.11776,2026-04-30,555,N21,l,2.0NRT,5.42,D,0.41,0.37,,,,,,firms,VIIRS,VIIRS_NOAA21_NRT
3.9556,114.12043,2026-04-30,555,N21,l,2.0NRT,5.11,D,0.41,0.37,,,,,,firms,VIIRS,VIIRS_NOAA21_NRT
3.96506,117.34827,2026-04-30,555,N21,n,2.0NRT,41.6,D,0.4,0.44,,,,,,firms,VIIRS,VIIRS_NOAA21_NRT
3.97511,117.24826,2026-04-30,555,N21,n,2.0NRT,10.26,D,0.4,0.44,,,,,,firms,VIIRS,VIIRS_NOAA21_NRT
4.01755,117.19132,2026-04-30,555,N21,n,2.0NRT,2.2,D,0.39,0.44,,,,,,firms,VIIRS,VIIRS_NOAA21_NRT
4.02157,117.1907,2026-04-30,555,N21,n,2.0NRT,6.37,D,0.39,0.44,,,,,,firms,VIIRS,VIIRS_NOAA21_NRT
4.02208,117.19423,2026-04-30,555,N21,n,2.0NRT,5.34,D,0.39,0.44,,,,,,firms,VIIRS,VIIRS_NOAA21_NRT
4.02541,117.3319,2026-04-30,555,N21,n,2.0NRT,4.13,D,0.4,0.44,,,,,,firms,VIIRS,VIIRS_NOAA21_NRT
4.08172,115.27374,2026-04-30,555,N21,n,2.0NRT,6.88,D,0.46,0.39,,,,,,firms,VIIRS,VIIRS_NOAA21_NRT
4.09871,117.08928,2026-04-30,555,N21,n,2.0NRT,5.43,D,0.39,0.44,,,,,,firms,VIIRS,VIIRS_NOAA21_NRT
4.55583,103.45708,2026-04-30,555,N21,n,2.0NRT,3.35,D,0.34,0.56,,,,,,firms,VIIRS,VIIRS_NOAA21_NRT
4.59036,114.00272,2026-04-30,555,N21,n,2.0NRT,3.67,D,0.41,0.37,,,,,,firms,VIIRS,VIIRS_NOAA21_NRT
4.97722,112.98401,2026-04-30,555,N21,n,2.0NRT,4.0,D,0.39,0.36,,,,,,firms,VIIRS,VIIRS_NOAA21_NRT
4.98054,112.98351,2026-04-30,555,N21,n,2.0NRT,4.0,D,0.39,0.36,,,,,,firms,VIIRS,VIIRS_NOAA21_NRT
5.37949,117.69966,2026-04-30,555,N21,n,2.0NRT,5.69,D,0.44,0.46,,,,,,firms,VIIRS,VIIRS_NOAA21_NRT
5.39158,103.055,2026-04-30,555,N21,n,2.0NRT,3.25,D,0.35,0.57,,,,,,firms,VIIRS,VIIRS_NOAA21_NRT
5.51173,102.87488,2026-04-30,555,N21,n,2.0NRT,4.99,D,0.36,0.58,,,,,,firms,VIIRS,VIIRS_NOAA21_NRT
5.53445,102.81802,2026-04-30,555,N21,n,2.0NRT,5.6,D,0.37,0.58,,,,,,firms,VIIRS,VIIRS_NOAA21_NRT
5.53802,102.80857,2026-04-30,555,N21,n,2.0NRT,1.83,D,0.37,0.58,,,,,,firms,VIIRS,VIIRS_NOAA21_NRT
5.54328,102.80772,2026-04-30,555,N21,n,2.0NRT,1.83,D,0.37,0.58,,,,,,firms,VIIRS,VIIRS_NOAA21_NRT
5.54796,102.8036,2026-04-30,555,N21,n,2.0NRT,3.14,D,0.37,0.58,,,,,,firms,VIIRS,VIIRS_NOAA21_NRT
5.54803,102.80234,2026-04-30,555,N21,n,2.0NRT,3.29,D,0.37,0.58,,,,,,firms,VIIRS,VIIRS_NOAA21_NRT
5.62694,102.66772,2026-04-30,555,N21,n,2.0NRT,4.06,D,0.37,0.58,,,,,,firms,VIIRS,VIIRS_NOAA21_NRT
5.62813,102.66971,2026-04-30,555,N21,n,2.0NRT,3.84,D,0.37,0.58,,,,,,firms,VIIRS,VIIRS_NOAA21_NRT
5.63421,102.73987,2026-04-30,555,N21,n,2.0NRT,13.47,D,0.37,0.58,,,,,,firms,VIIRS,VIIRS_NOAA21_NRT
5.6344,102.73922,2026-04-30,555,N21,n,2.0NRT,16.24,D,0.37,0.58,,,,,,firms,VIIRS,VIIRS_NOAA21_NRT
5.63479,102.74311,2026-04-30,555,N21,n,2.0NRT,13.47,D,0.37,0.58,,,,,,firms,VIIRS,VIIRS_NOAA21_NRT
5.63495,102.74249,2026-04-30,555,N21,h,2.0NRT,15.79,D,0.37,0.58,,,,,,firms,VIIRS,VIIRS_NOAA21_NRT
5.64476,102.73814,2026-04-30,555,N21,n,2.0NRT,5.12,D,0.37,0.58,,,,,,firms,VIIRS,VIIRS_NOAA21_NRT
5.64495,102.73746,2026-04-30,555,N21,n,2.0NRT,2.76,D,0.37,0.58,,,,,,firms,VIIRS,VIIRS_NOAA21_NRT
5.72591,102.64725,2026-04-30,555,N21,n,2.0NRT,3.06,D,0.37,0.58,,,,,,firms,VIIRS,VIIRS_NOAA21_NRT
5.7269,102.64679,2026-04-30,555,N21,n,2.0NRT,2.93,D,0.37,0.58,,,,,,firms,VIIRS,VIIRS_NOAA21_NRT
5.86358,117.9767,2026-04-30,555,N21,n,2.0NRT,3.12,D,0.47,0.48,,,,,,firms,VIIRS,VIIRS_NOAA21_NRT
5.92048,102.43132,2026-04-30,555,N21,n,2.0NRT,2.09,D,0.38,0.59,,,,,,firms,VIIRS,VIIRS_NOAA21_NRT
5.92391,102.29337,2026-04-30,555,N21,n,2.0NRT,4.48,D,0.39,0.6,,,,,,firms,VIIRS,VIIRS_NOAA21_NRT
5.92452,102.29686,2026-04-30,555,N21,n,2.0NRT,4.48,D,0.39,0.6,,,,,,firms,VIIRS,VIIRS_NOAA21_NRT
5.95619,125.02586,2026-04-30,555,N21,n,2.0NRT,12.51,D,0.73,0.76,,,,,,firms,VIIRS,VIIRS_NOAA21_NRT
5.95647,125.02732,2026-04-30,555,N21,n,2.0NRT,12.84,D,0.73,0.76,,,,,,firms,VIIRS,VIIRS_NOAA21_NRT
5.95707,125.03264,2026-04-30,555,N21,n,2.0NRT,10.26,D,0.73,0.76,,,,,,firms,VIIRS,VIIRS_NOAA21_NRT
-1.10657,98.97366,2026-04-30,733,N21,n,2.0NRT,3.79,D,0.51,0.66,,,,,,firms,VIIRS,VIIRS_NOAA21_NRT
2.67323,97.7606,2026-04-30,735,N21,n,2.0NRT,8.63,D,0.48,0.65,,,,,,firms,VIIRS,VIIRS_NOAA21_NRT
2.69158,97.76228,2026-04-30,735,N21,n,2.0NRT,8.38,D,0.48,0.65,,,,,,firms,VIIRS,VIIRS_NOAA21_NRT
2.9354,97.48038,2026-04-30,735,N21,n,2.0NRT,5.07,D,0.47,0.64,,,,,,firms,VIIRS,VIIRS_NOAA21_NRT
2.93554,97.48034,2026-04-30,735,N21,n,2.0NRT,5.77,D,0.46,0.64,,,,,,firms,VIIRS,VIIRS_NOAA21_NRT
3.17238,98.17258,2026-04-30,735,N21,n,2.0NRT,3.68,D,0.53,0.67,,,,,,firms,VIIRS,VIIRS_NOAA21_NRT
3.96889,97.44583,2026-04-30,735,N21,n,2.0NRT,6.56,D,0.48,0.65,,,,,,firms,VIIRS,VIIRS_NOAA21_NRT
3.97053,97.44636,2026-04-30,735,N21,n,2.0NRT,6.18,D,0.48,0.65,,,,,,firms,VIIRS,VIIRS_NOAA21_NRT
-7.46113,140.4767,2026-04-30,1514,N21,n,2.0NRT,2.4,N,0.52,0.67,,,,,,firms,VIIRS,VIIRS_NOAA21_NRT
-7.45507,140.47548,2026-04-30,1514,N21,n,2.0NRT,2.21,N,0.52,0.67,,,,,,firms,VIIRS,VIIRS_NOAA21_NRT
-2.87458,122.16181,2026-04-30,1654,N21,n,2.0NRT,2.1,N,0.41,0.45,,,,,,firms,VIIRS,VIIRS_NOAA21_NRT
-2.86159,122.15255,2026-04-30,1654,N21,n,2.0NRT,1.23,N,0.41,0.45,,,,,,firms,VIIRS,VIIRS_NOAA21_NRT
-2.44421,133.13225,2026-04-30,1654,N21,n,2.0NRT,0.97,N,0.43,0.46,,,,,,firms,VIIRS,VIIRS_NOAA21_NRT
-2.44119,133.14052,2026-04-30,1654,N21,n,2.0NRT,2.65,N,0.43,0.46,,,,,,firms,VIIRS,VIIRS_NOAA21_NRT
-1.57151,127.4315,2026-04-30,1654,N21,n,2.0NRT,1.56,N,0.39,0.36,,,,,,firms,VIIRS,VIIRS_NOAA21_NRT
-1.57097,127.42804,2026-04-30,1654,N21,n,2.0NRT,1.56,N,0.39,0.36,,,,,,firms,VIIRS,VIIRS_NOAA21_NRT
-1.56767,127.42854,2026-04-30,1654,N21,n,2.0NRT,4.06,N,0.39,0.36,,,,,,firms,VIIRS,VIIRS_NOAA21_NRT
-1.45992,127.43525,2026-04-30,1654,N21,n,2.0NRT,4.23,N,0.39,0.36,,,,,,firms,VIIRS,VIIRS_NOAA21_NRT
-1.45661,127.43575,2026-04-30,1654,N21,n,2.0NRT,4.23,N,0.39,0.36,,,,,,firms,VIIRS,VIIRS_NOAA21_NRT
-1.38231,122.47853,2026-04-30,1654,N21,n,2.0NRT,2.25,N,0.41,0.45,,,,,,firms,VIIRS,VIIRS_NOAA21_NRT
1.49561,127.63572,2026-04-30,1654,N21,n,2.0NRT,1.12,N,0.39,0.36,,,,,,firms,VIIRS,VIIRS_NOAA21_NRT
1.71371,117.9864,2026-04-30,1654,N21,n,2.0NRT,1.42,N,0.47,0.64,,,,,,firms,VIIRS,VIIRS_NOAA21_NRT
2.77705,125.40581,2026-04-30,1654,N21,n,2.0NRT,0.38,N,0.48,0.4,,,,,,firms,VIIRS,VIIRS_NOAA21_NRT
2.78069,125.40634,2026-04-30,1654,N21,n,2.0NRT,0.71,N,0.48,0.4,,,,,,firms,VIIRS,VIIRS_NOAA21_NRT
-9.82392,130.27245,2026-04-30,1656,N21,n,2.0NRT,1.78,N,0.53,0.42,,,,,,firms,VIIRS,VIIRS_NOAA21_NRT
-9.82324,130.26759,2026-04-30,1656,N21,n,2.0NRT,1.78,N,0.53,0.42,,,,,,firms,VIIRS,VIIRS_NOAA21_NRT
-8.27311,123.506,2026-04-30,1656,N21,n,2.0NRT,1.67,N,0.44,0.39,,,,,,firms,VIIRS,VIIRS_NOAA21_NRT
-3.87223,122.39439,2026-04-30,1656,N21,n,2.0NRT,1.69,N,0.39,0.44,,,,,,firms,VIIRS,VIIRS_NOAA21_NRT
-3.87044,122.40881,2026-04-30,1656,N21,n,2.0NRT,1.76,N,0.38,0.44,,,,,,firms,VIIRS,VIIRS_NOAA21_NRT
-3.86989,122.40536,2026-04-30,1656,N21,n,2.0NRT,1.44,N,0.38,0.44,,,,,,firms,VIIRS,VIIRS_NOAA21_NRT
-3.86934,122.40192,2026-04-30,1656,N21,n,2.0NRT,1.44,N,0.39,0.44,,,,,,firms,VIIRS,VIIRS_NOAA21_NRT
1.76327,109.58668,2026-04-30,1834,N21,n,2.0NRT,3.61,N,0.49,0.48,,,,,,firms,VIIRS,VIIRS_NOAA21_NRT
1.76772,109.58719,2026-04-30,1834,N21,n,2.0NRT,3.61,N,0.49,0.48,,,,,,firms,VIIRS,VIIRS_NOAA21_NRT
1.92864,109.51303,2026-04-30,1834,N21,n,2.0NRT,1.69,N,0.48,0.48,,,,,,firms,VIIRS,VIIRS_NOAA21_NRT
1.92873,109.51067,2026-04-30,1834,N21,n,2.0NRT,2.07,N,0.48,0.48,,,,,,firms,VIIRS,VIIRS_NOAA21_NRT
1.99769,101.73177,2026-04-30,1834,N21,n,2.0NRT,0.59,N,0.4,0.37,,,,,,firms,VIIRS,VIIRS_NOAA21_NRT
2.53585,101.81413,2026-04-30,1834,N21,n,2.0NRT,0.99,N,0.4,0.37,,,,,,firms,VIIRS,VIIRS_NOAA21_NRT
3.04745,103.21028,2026-04-30,1834,N21,n,2.0NRT,0.98,N,0.38,0.36,,,,,,firms,VIIRS,VIIRS_NOAA21_NRT
3.21482,103.26834,2026-04-30,1834,N21,n,2.0NRT,2.54,N,0.38,0.36,,,,,,firms,VIIRS,VIIRS_NOAA21_NRT
3.21535,103.26491,2026-04-30,1834,N21,n,2.0NRT,2.54,N,0.38,0.36,,,,,,firms,VIIRS,VIIRS_NOAA21_NRT
3.5552,102.10199,2026-04-30,1834,N21,n,2.0NRT,0.79,N,0.4,0.37,,,,,,firms,VIIRS,VIIRS_NOAA21_NRT
4.02027,103.34132,2026-04-30,1834,N21,n,2.0NRT,0.99,N,0.38,0.36,,,,,,firms,VIIRS,VIIRS_NOAA21_NRT
4.32203,106.08712,2026-04-30,1834,N21,n,2.0NRT,4.33,N,0.43,0.38,,,,,,firms,VIIRS,VIIRS_NOAA21_NRT
4.37292,117.51017,2026-04-30,1834,N21,n,2.0NRT,3.98,N,0.78,0.78,,,,,,firms,VIIRS,VIIRS_NOAA21_NRT
4.3773,117.51128,2026-04-30,1834,N21,n,2.0NRT,4.86,N,0.78,0.78,,,,,,firms,VIIRS,VIIRS_NOAA21_NRT
4.55673,103.45731,2026-04-30,1834,N21,n,2.0NRT,4.87,N,0.38,0.36,,,,,,firms,VIIRS,VIIRS_NOAA21_NRT
4.57485,103.44952,2026-04-30,1834,N21,n,2.0NRT,7.26,N,0.38,0.36,,,,,,firms,VIIRS,VIIRS_NOAA21_NRT
4.66636,114.46457,2026-04-30,1834,N21,n,2.0NRT,2.53,N,0.48,0.64,,,,,,firms,VIIRS,VIIRS_NOAA21_NRT
4.71617,103.43606,2026-04-30,1834,N21,n,2.0NRT,2.48,N,0.39,0.36,,,,,,firms,VIIRS,VIIRS_NOAA21_NRT
4.91367,97.47889,2026-04-30,1834,N21,n,2.0NRT,1.89,N,0.48,0.48,,,,,,firms,VIIRS,VIIRS_NOAA21_NRT
4.96958,101.6834,2026-04-30,1834,N21,n,2.0NRT,1.34,N,0.42,0.38,,,,,,firms,VIIRS,VIIRS_NOAA21_NRT
4.97649,101.68438,2026-04-30,1834,N21,n,2.0NRT,1.49,N,0.42,0.38,,,,,,firms,VIIRS,VIIRS_NOAA21_NRT
4.97706,101.68064,2026-04-30,1834,N21,n,2.0NRT,1.75,N,0.42,0.38,,,,,,firms,VIIRS,VIIRS_NOAA21_NRT
4.97955,112.98572,2026-04-30,1834,N21,n,2.0NRT,2.4,N,0.37,0.58,,,,,,firms,VIIRS,VIIRS_NOAA21_NRT
4.98011,112.98242,2026-04-30,1834,N21,n,2.0NRT,2.37,N,0.37,0.58,,,,,,firms,VIIRS,VIIRS_NOAA21_NRT
4.99061,114.93864,2026-04-30,1834,N21,n,2.0NRT,1.46,N,0.51,0.66,,,,,,firms,VIIRS,VIIRS_NOAA21_NRT
5.22538,97.07172,2026-04-30,1834,N21,n,2.0NRT,1.49,N,0.52,0.5,,,,,,firms,VIIRS,VIIRS_NOAA21_NRT
5.3724,104.89816,2026-04-30,1834,N21,n,2.0NRT,1.31,N,0.39,0.36,,,,,,firms,VIIRS,VIIRS_NOAA21_NRT
5.39892,102.93711,2026-04-30,1834,N21,n,2.0NRT,1.48,N,0.39,0.36,,,,,,firms,VIIRS,VIIRS_NOAA21_NRT
5.42885,114.71457,2026-04-30,1834,N21,n,2.0NRT,1.45,N,0.48,0.65,,,,,,firms,VIIRS,VIIRS_NOAA21_NRT
5.4296,114.71031,2026-04-30,1834,N21,n,2.0NRT,1.45,N,0.48,0.65,,,,,,firms,VIIRS,VIIRS_NOAA21_NRT
5.43164,102.92409,2026-04-30,1834,N21,n,2.0NRT,1.43,N,0.39,0.36,,,,,,firms,VIIRS,VIIRS_NOAA21_NRT
5.43219,102.92056,2026-04-30,1834,N21,n,2.0NRT,1.43,N,0.39,0.36,,,,,,firms,VIIRS,VIIRS_NOAA21_NRT
5.50054,105.20735,2026-04-30,1834,N21,n,2.0NRT,1.25,N,0.4,0.37,,,,,,firms,VIIRS,VIIRS_NOAA21_NRT
5.53802,102.80715,2026-04-30,1834,N21,n,2.0NRT,1.09,N,0.4,0.37,,,,,,firms,VIIRS,VIIRS_NOAA21_NRT
5.54191,102.80412,2026-04-30,1834,N21,n,2.0NRT,1.78,N,0.4,0.37,,,,,,firms,VIIRS,VIIRS_NOAA21_NRT
5.63227,102.745,2026-04-30,1834,N21,n,2.0NRT,1.28,N,0.4,0.37,,,,,,firms,VIIRS,VIIRS_NOAA21_NRT
5.64581,104.97716,2026-04-30,1834,N21,n,2.0NRT,3.78,N,0.39,0.36,,,,,,firms,VIIRS,VIIRS_NOAA21_NRT
5.73442,103.64922,2026-04-30,1834,N21,n,2.0NRT,6.03,N,0.39,0.36,,,,,,firms,VIIRS,VIIRS_NOAA21_NRT
5.91829,102.43165,2026-04-30,1834,N21,n,2.0NRT,1.77,N,0.41,0.37,,,,,,firms,VIIRS,VIIRS_NOAA21_NRT
5.93406,102.41913,2026-04-30,1834,N21,n,2.0NRT,2.51,N,0.41,0.37,,,,,,firms,VIIRS,VIIRS_NOAA21_NRT
5.96488,102.21725,2026-04-30,1834,N21,n,2.0NRT,0.92,N,0.41,0.37,,,,,,firms,VIIRS,VIIRS_NOAA21_NRT
-6.86862,111.90921,2026-04-30,1836,N21,n,2.0NRT,2.11,N,0.48,0.64,,,,,,firms,VIIRS,VIIRS_NOAA21_NRT
-6.18488,106.35557,2026-04-30,1836,N21,n,2.0NRT,0.63,N,0.39,0.44,,,,,,firms,VIIRS,VIIRS_NOAA21_NRT
-3.80686,103.81977,2026-04-30,1836,N21,n,2.0NRT,1.75,N,0.41,0.37,,,,,,firms,VIIRS,VIIRS_NOAA21_NRT
-3.37336,104.03572,2026-04-30,1836,N21,n,2.0NRT,1.1,N,0.42,0.37,,,,,,firms,VIIRS,VIIRS_NOAA21_NRT
-3.31662,104.32577,2026-04-30,1836,N21,n,2.0NRT,0.43,N,0.43,0.38,,,,,,firms,VIIRS,VIIRS_NOAA21_NRT
-2.4829,103.1166,2026-04-30,1836,N21,n,2.0NRT,1.12,N,0.39,0.36,,,,,,firms,VIIRS,VIIRS_NOAA21_NRT
-2.28818,102.67485,2026-04-30,1836,N21,n,2.0NRT,0.37,N,0.39,0.36,,,,,,firms,VIIRS,VIIRS_NOAA21_NRT
-1.90558,103.01362,2026-04-30,1836,N21,n,2.0NRT,0.81,N,0.39,0.36,,,,,,firms,VIIRS,VIIRS_NOAA21_NRT
-7.55303,110.43967,2026-04-30,1838,N21,n,2.0NRT,1.04,N,0.39,0.59,,,,,,firms,VIIRS,VIIRS_NOAA21_NRT
-7.24131,111.73199,2026-04-30,1838,N21,n,2.0NRT,1.08,N,0.47,0.64,,,,,,firms,VIIRS,VIIRS_NOAA21_NRT
-8.17674,140.73892,2026-05-01,351,N21,n,2.0NRT,6.85,D,0.53,0.42,,,,,,firms,VIIRS,VIIRS_NOAA21_NRT
-7.95577,137.91661,2026-05-01,351,N21,n,2.0NRT,3.68,D,0.54,0.5,,,,,,firms,VIIRS,VIIRS_NOAA21_NRT
-7.46654,140.48569,2026-05-01,351,N21,n,2.0NRT,4.47,D,0.54,0.42,,,,,,firms,VIIRS,VIIRS_NOAA21_NRT
-6.23405,138.76021,2026-05-01,351,N21,n,2.0NRT,9.48,D,0.44,0.46,,,,,,firms,VIIRS,VIIRS_NOAA21_NRT
-6.20789,138.82117,2026-05-01,351,N21,n,2.0NRT,4.43,D,0.44,0.46,,,,,,firms,VIIRS,VIIRS_NOAA21_NRT
-4.53998,140.55731,2026-05-01,351,N21,n,2.0NRT,4.56,D,0.49,0.4,,,,,,firms,VIIRS,VIIRS_NOAA21_NRT
-3.64718,139.07999,2026-05-01,351,N21,n,2.0NRT,5.98,D,0.39,0.44,,,,,,firms,VIIRS,VIIRS_NOAA21_NRT
-3.64615,139.08699,2026-05-01,351,N21,n,2.0NRT,21.21,D,0.39,0.44,,,,,,firms,VIIRS,VIIRS_NOAA21_NRT
-2.43917,133.13683,2026-05-01,353,N21,n,2.0NRT,18.61,D,0.48,0.65,,,,,,firms,VIIRS,VIIRS_NOAA21_NRT
-2.43856,133.14101,2026-05-01,353,N21,l,2.0NRT,22.2,D,0.48,0.65,,,,,,firms,VIIRS,VIIRS_NOAA21_NRT
-9.77211,120.43966,2026-05-01,531,N21,n,2.0NRT,7.03,D,0.39,0.36,,,,,,firms,VIIRS,VIIRS_NOAA21_NRT
-9.77157,120.44316,2026-05-01,531,N21,n,2.0NRT,7.03,D,0.39,0.36,,,,,,firms,VIIRS,VIIRS_NOAA21_NRT
-9.7688,120.43914,2026-05-01,531,N21,n,2.0NRT,4.9,D,0.39,0.36,,,,,,firms,VIIRS,VIIRS_NOAA21_NRT
-9.41075,119.82298,2026-05-01,531,N21,l,2.0NRT,7.83,D,0.38,0.36,,,,,,firms,VIIRS,VIIRS_NOAA21_NRT
-9.35821,119.85321,2026-05-01,531,N21,l,2.0NRT,2.7,D,0.38,0.36,,,,,,firms,VIIRS,VIIRS_NOAA21_NRT
-3.77622,120.0662,2026-05-01,533,N21,n,2.0NRT,2.83,D,0.4,0.37,,,,,,firms,VIIRS,VIIRS_NOAA21_NRT
-3.77287,120.06566,2026-05-01,533,N21,n,2.0NRT,13.51,D,0.4,0.37,,,,,,firms,VIIRS,VIIRS_NOAA21_NRT
-3.06089,121.9406,2026-05-01,533,N21,n,2.0NRT,4.06,D,0.48,0.4,,,,,,firms,VIIRS,VIIRS_NOAA21_NRT
-2.8596,110.15979,2026-05-01,533,N21,n,2.0NRT,7.87,D,0.33,0.55,,,,,,firms,VIIRS,VIIRS_NOAA21_NRT
-2.85916,110.16273,2026-05-01,533,N21,l,2.0NRT,12.75,D,0.33,0.55,,,,,,firms,VIIRS,VIIRS_NOAA21_NRT
-1.89549,115.86687,2026-05-01,533,N21,n,2.0NRT,5.79,D,0.43,0.38,,,,,,firms,VIIRS,VIIRS_NOAA21_NRT
-1.89202,115.86639,2026-05-01,533,N21,n,2.0NRT,5.79,D,0.43,0.38,,,,,,firms,VIIRS,VIIRS_NOAA21_NRT
-1.44396,123.49812,2026-05-01,533,N21,n,2.0NRT,2.08,D,0.41,0.45,,,,,,firms,VIIRS,VIIRS_NOAA21_NRT
0.37497,123.23083,2026-05-01,533,N21,n,2.0NRT,7.72,D,0.42,0.45,,,,,,firms,VIIRS,VIIRS_NOAA21_NRT
0.37715,123.23013,2026-05-01,533,N21,n,2.0NRT,8.57,D,0.42,0.45,,,,,,firms,VIIRS,VIIRS_NOAA21_NRT
0.4792,127.99216,2026-05-01,533,N21,n,2.0NRT,7.45,D,0.45,0.63,,,,,,firms,VIIRS,VIIRS_NOAA21_NRT
0.4804,128.00006,2026-05-01,533,N21,n,2.0NRT,14.19,D,0.45,0.63,,,,,,firms,VIIRS,VIIRS_NOAA21_NRT
0.48097,128.00381,2026-05-01,533,N21,n,2.0NRT,12.21,D,0.45,0.63,,,,,,firms,VIIRS,VIIRS_NOAA21_NRT
0.48432,127.98706,2026-05-01,533,N21,n,2.0NRT,7.35,D,0.45,0.63,,,,,,firms,VIIRS,VIIRS_NOAA21_NRT
0.48492,127.99103,2026-05-01,533,N21,n,2.0NRT,7.35,D,0.45,0.63,,,,,,firms,VIIRS,VIIRS_NOAA21_NRT
0.49153,120.76665,2026-05-01,533,N21,n,2.0NRT,4.07,D,0.46,0.39,,,,,,firms,VIIRS,VIIRS_NOAA21_NRT
0.49806,122.2379,2026-05-01,533,N21,n,2.0NRT,4.78,D,0.55,0.43,,,,,,firms,VIIRS,VIIRS_NOAA21_NRT
0.57488,122.55528,2026-05-01,533,N21,n,2.0NRT,2.64,D,0.39,0.44,,,,,,firms,VIIRS,VIIRS_NOAA21_NRT
0.69636,122.53423,2026-05-01,533,N21,n,2.0NRT,2.98,D,0.39,0.44,,,,,,firms,VIIRS,VIIRS_NOAA21_NRT
1.41546,127.72869,2026-05-01,533,N21,n,2.0NRT,9.07,D,0.45,0.63,,,,,,firms,VIIRS,VIIRS_NOAA21_NRT
0.267,116.42751,2026-05-01,536,N21,n,2.0NRT,6.08,D,0.4,0.37,,,,,,firms,VIIRS,VIIRS_NOAA21_NRT
0.51334,120.38451,2026-05-01,536,N21,n,2.0NRT,6.47,D,0.44,0.39,,,,,,firms,VIIRS,VIIRS_NOAA21_NRT
0.59367,116.78637,2026-05-01,536,N21,n,2.0NRT,7.36,D,0.39,0.36,,,,,,firms,VIIRS,VIIRS_NOAA21_NRT
0.84046,118.36297,2026-05-01,536,N21,n,2.0NRT,4.45,D,0.39,0.36,,,,,,firms,VIIRS,VIIRS_NOAA21_NRT
1.07348,121.37486,2026-05-01,536,N21,n,2.0NRT,1.61,D,0.5,0.41,,,,,,firms,VIIRS,VIIRS_NOAA21_NRT
1.15039,117.71969,2026-05-01,536,N21,n,2.0NRT,3.13,D,0.38,0.36,,,,,,firms,VIIRS,VIIRS_NOAA21_NRT
1.15665,117.82732,2026-05-01,536,N21,n,2.0NRT,3.94,D,0.38,0.36,,,,,,firms,VIIRS,VIIRS_NOAA21_NRT
1.32216,116.68005,2026-05-01,536,N21,n,2.0NRT,1.52,D,0.39,0.36,,,,,,firms,VIIRS,VIIRS_NOAA21_NRT
1.33968,116.65911,2026-05-01,536,N21,n,2.0NRT,29.54,D,0.39,0.36,,,,,,firms,VIIRS,VIIRS_NOAA21_NRT
1.45936,117.93772,2026-05-01,536,N21,n,2.0NRT,9.19,D,0.39,0.36,,,,,,firms,VIIRS,VIIRS_NOAA21_NRT
1.54752,118.05117,2026-05-01,536,N21,n,2.0NRT,5.71,D,0.39,0.36,,,,,,firms,VIIRS,VIIRS_NOAA21_NRT
1.56886,124.92355,2026-05-01,536,N21,n,2.0NRT,5.02,D,0.57,0.52,,,,,,firms,VIIRS,VIIRS_NOAA21_NRT
1.57725,118.0638,2026-05-01,536,N21,n,2.0NRT,3.33,D,0.39,0.36,,,,,,firms,VIIRS,VIIRS_NOAA21_NRT
2.23767,117.24104,2026-05-01,536,N21,n,2.0NRT,6.12,D,0.38,0.36,,,,,,firms,VIIRS,VIIRS_NOAA21_NRT
2.29507,117.86369,2026-05-01,536,N21,n,2.0NRT,3.76,D,0.39,0.36,,,,,,firms,VIIRS,VIIRS_NOAA21_NRT
3.92361,114.19226,2026-05-01,536,N21,n,2.0NRT,4.72,D,0.45,0.39,,,,,,firms,VIIRS,VIIRS_NOAA21_NRT
3.97353,117.24909,2026-05-01,536,N21,n,2.0NRT,5.26,D,0.38,0.36,,,,,,firms,VIIRS,VIIRS_NOAA21_NRT
4.28322,118.0399,2026-05-01,536,N21,n,2.0NRT,3.32,D,0.4,0.37,,,,,,firms,VIIRS,VIIRS_NOAA21_NRT
4.37688,117.51073,2026-05-01,536,N21,n,2.0NRT,7.84,D,0.39,0.36,,,,,,firms,VIIRS,VIIRS_NOAA21_NRT
4.97766,112.97974,2026-05-01,536,N21,n,2.0NRT,5.4,D,0.5,0.41,,,,,,firms,VIIRS,VIIRS_NOAA21_NRT
5.20758,114.74178,2026-05-01,536,N21,n,2.0NRT,2.69,D,0.41,0.37,,,,,,firms,VIIRS,VIIRS_NOAA21_NRT
5.21156,114.74495,2026-05-01,536,N21,n,2.0NRT,4.11,D,0.41,0.37,,,,,,firms,VIIRS,VIIRS_NOAA21_NRT
5.28168,115.23923,2026-05-01,536,N21,l,2.0NRT,7.35,D,0.4,0.37,,,,,,firms,VIIRS,VIIRS_NOAA21_NRT
5.44398,115.56231,2026-05-01,536,N21,n,2.0NRT,6.56,D,0.39,0.36,,,,,,firms,VIIRS,VIIRS_NOAA21_NRT
5.44731,115.5618,2026-05-01,536,N21,n,2.0NRT,6.56,D,0.39,0.36,,,,,,firms,VIIRS,VIIRS_NOAA21_NRT
5.53973,116.92225,2026-05-01,536,N21,n,2.0NRT,2.69,D,0.38,0.36,,,,,,firms,VIIRS,VIIRS_NOAA21_NRT
5.62957,117.15932,2026-05-01,536,N21,n,2.0NRT,8.3,D,0.39,0.36,,,,,,firms,VIIRS,VIIRS_NOAA21_NRT
5.95387,121.09,2026-05-01,536,N21,n,2.0NRT,4.96,D,0.56,0.43,,,,,,firms,VIIRS,VIIRS_NOAA21_NRT
-3.20975,104.38818,2026-05-01,716,N21,n,2.0NRT,10.61,D,0.52,0.67,,,,,,firms,VIIRS,VIIRS_NOAA21_NRT
-3.17837,103.2116,2026-05-01,716,N21,n,2.0NRT,10.88,D,0.43,0.62,,,,,,firms,VIIRS,VIIRS_NOAA21_NRT
-3.17775,103.21545,2026-05-01,716,N21,n,2.0NRT,10.88,D,0.43,0.62,,,,,,firms,VIIRS,VIIRS_NOAA21_NRT
-3.17771,103.17963,2026-05-01,716,N21,n,2.0NRT,4.32,D,0.43,0.62,,,,,,firms,VIIRS,VIIRS_NOAA21_NRT
-3.17571,103.21109,2026-05-01,716,N21,n,2.0NRT,10.45,D,0.43,0.62,,,,,,firms,VIIRS,VIIRS_NOAA21_NRT
-3.17529,103.1792,2026-05-01,716,N21,n,2.0NRT,3.7,D,0.43,0.62,,,,,,firms,VIIRS,VIIRS_NOAA21_NRT
-3.17506,103.21494,2026-05-01,716,N21,n,2.0NRT,10.45,D,0.43,0.62,,,,,,firms,VIIRS,VIIRS_NOAA21_NRT
-3.11864,103.2215,2026-05-01,716,N21,n,2.0NRT,45.49,D,0.44,0.62,,,,,,firms,VIIRS,VIIRS_NOAA21_NRT
-3.00788,104.83221,2026-05-01,716,N21,n,2.0NRT,6.2,D,0.57,0.69,,,,,,firms,VIIRS,VIIRS_NOAA21_NRT
-2.2046,103.00272,2026-05-01,716,N21,n,2.0NRT,3.33,D,0.44,0.62,,,,,,firms,VIIRS,VIIRS_NOAA21_NRT
1.67338,101.4757,2026-05-01,716,N21,n,2.0NRT,3.76,D,0.39,0.6,,,,,,firms,VIIRS,VIIRS_NOAA21_NRT
1.71372,99.83167,2026-05-01,716,N21,n,2.0NRT,17.73,D,0.6,0.53,,,,,,firms,VIIRS,VIIRS_NOAA21_NRT
1.99616,99.78018,2026-05-01,716,N21,n,2.0NRT,10.01,D,0.6,0.53,,,,,,firms,VIIRS,VIIRS_NOAA21_NRT
1.99898,99.77681,2026-05-01,716,N21,n,2.0NRT,5.34,D,0.61,0.53,,,,,,firms,VIIRS,VIIRS_NOAA21_NRT
4.8749,95.40811,2026-05-01,718,N21,n,2.0NRT,5.19,D,0.52,0.41,,,,,,firms,VIIRS,VIIRS_NOAA21_NRT
5.83882,102.48571,2026-05-01,718,N21,n,2.0NRT,7.89,D,0.53,0.67,,,,,,firms,VIIRS,VIIRS_NOAA21_NRT
5.83887,102.48425,2026-05-01,718,N21,n,2.0NRT,7.54,D,0.53,0.67,,,,,,firms,VIIRS,VIIRS_NOAA21_NRT
-3.87011,122.40801,2026-05-01,1635,N21,n,2.0NRT,0.95,N,0.4,0.6,,,,,,firms,VIIRS,VIIRS_NOAA21_NRT
1.49598,127.63195,2026-05-01,1635,N21,n,2.0NRT,6.17,N,0.43,0.46,,,,,,firms,VIIRS,VIIRS_NOAA21_NRT
1.49664,127.62758,2026-05-01,1635,N21,n,2.0NRT,6.17,N,0.43,0.46,,,,,,firms,VIIRS,VIIRS_NOAA21_NRT
2.77876,125.40188,2026-05-01,1635,N21,n,2.0NRT,0.57,N,0.32,0.54,,,,,,firms,VIIRS,VIIRS_NOAA21_NRT
2.77962,125.4015,2026-05-01,1635,N21,n,2.0NRT,1.27,N,0.32,0.55,,,,,,firms,VIIRS,VIIRS_NOAA21_NRT
2.7842,125.39965,2026-05-01,1635,N21,n,2.0NRT,0.99,N,0.32,0.54,,,,,,firms,VIIRS,VIIRS_NOAA21_NRT
-8.27403,123.5022,2026-05-01,1637,N21,n,2.0NRT,0.41,N,0.57,0.52,,,,,,firms,VIIRS,VIIRS_NOAA21_NRT
-1.56959,127.43061,2026-05-01,1637,N21,n,2.0NRT,2.63,N,0.4,0.44,,,,,,firms,VIIRS,VIIRS_NOAA21_NRT
-1.56494,127.42747,2026-05-01,1637,N21,n,2.0NRT,4.54,N,0.4,0.44,,,,,,firms,VIIRS,VIIRS_NOAA21_NRT
-1.56088,127.42808,2026-05-01,1637,N21,n,2.0NRT,4.54,N,0.4,0.44,,,,,,firms,VIIRS,VIIRS_NOAA21_NRT
-1.53077,127.42181,2026-05-01,1637,N21,n,2.0NRT,0.91,N,0.4,0.44,,,,,,firms,VIIRS,VIIRS_NOAA21_NRT
-1.45797,127.43689,2026-05-01,1637,N21,n,2.0NRT,15.79,N,0.4,0.44,,,,,,firms,VIIRS,VIIRS_NOAA21_NRT
3.09587,117.2493,2026-05-01,1813,N21,n,2.0NRT,2.21,N,0.37,0.58,,,,,,firms,VIIRS,VIIRS_NOAA21_NRT
3.09643,117.24602,2026-05-01,1813,N21,n,2.0NRT,2.56,N,0.37,0.58,,,,,,firms,VIIRS,VIIRS_NOAA21_NRT
3.09716,117.24669,2026-05-01,1813,N21,n,2.0NRT,0.87,N,0.37,0.58,,,,,,firms,VIIRS,VIIRS_NOAA21_NRT
4.37362,117.51207,2026-05-01,1813,N21,n,2.0NRT,3.19,N,0.37,0.58,,,,,,firms,VIIRS,VIIRS_NOAA21_NRT
4.66777,114.46597,2026-05-01,1813,N21,n,2.0NRT,14.09,N,0.45,0.47,,,,,,firms,VIIRS,VIIRS_NOAA21_NRT
4.66843,114.46199,2026-05-01,1813,N21,n,2.0NRT,14.09,N,0.45,0.47,,,,,,firms,VIIRS,VIIRS_NOAA21_NRT
4.66909,114.45802,2026-05-01,1813,N21,n,2.0NRT,4.36,N,0.45,0.47,,,,,,firms,VIIRS,VIIRS_NOAA21_NRT
4.67268,114.46272,2026-05-01,1813,N21,n,2.0NRT,6.09,N,0.45,0.47,,,,,,firms,VIIRS,VIIRS_NOAA21_NRT
4.97669,112.98441,2026-05-01,1813,N21,n,2.0NRT,10.95,N,0.54,0.42,,,,,,firms,VIIRS,VIIRS_NOAA21_NRT
4.97878,112.98215,2026-05-01,1813,N21,n,2.0NRT,14.29,N,0.54,0.42,,,,,,firms,VIIRS,VIIRS_NOAA21_NRT
4.99275,114.9299,2026-05-01,1813,N21,n,2.0NRT,3.22,N,0.48,0.48,,,,,,firms,VIIRS,VIIRS_NOAA21_NRT
4.99354,114.92923,2026-05-01,1813,N21,n,2.0NRT,3.72,N,0.48,0.48,,,,,,firms,VIIRS,VIIRS_NOAA21_NRT
5.24411,116.8437,2026-05-01,1813,N21,n,2.0NRT,1.55,N,0.32,0.54,,,,,,firms,VIIRS,VIIRS_NOAA21_NRT
5.37364,104.89588,2026-05-01,1813,N21,n,2.0NRT,6.83,N,0.5,0.41,,,,,,firms,VIIRS,VIIRS_NOAA21_NRT
5.43441,102.92164,2026-05-01,1813,N21,n,2.0NRT,1.41,N,0.44,0.46,,,,,,firms,VIIRS,VIIRS_NOAA21_NRT
5.5015,105.20951,2026-05-01,1813,N21,n,2.0NRT,4.93,N,0.48,0.4,,,,,,firms,VIIRS,VIIRS_NOAA21_NRT
5.56278,114.98602,2026-05-01,1813,N21,n,2.0NRT,5.77,N,0.47,0.48,,,,,,firms,VIIRS,VIIRS_NOAA21_NRT
5.73393,103.64984,2026-05-01,1813,N21,n,2.0NRT,5.05,N,0.4,0.44,,,,,,firms,VIIRS,VIIRS_NOAA21_NRT
-3.08189,115.12338,2026-05-01,1815,N21,n,2.0NRT,1.23,N,0.33,0.55,,,,,,firms,VIIRS,VIIRS_NOAA21_NRT
-2.94079,115.2392,2026-05-01,1815,N21,n,2.0NRT,1.98,N,0.33,0.55,,,,,,firms,VIIRS,VIIRS_NOAA21_NRT
-2.93942,115.23797,2026-05-01,1815,N21,n,2.0NRT,2.99,N,0.33,0.55,,,,,,firms,VIIRS,VIIRS_NOAA21_NRT
-2.93529,115.23711,2026-05-01,1815,N21,n,2.0NRT,1.98,N,0.33,0.55,,,,,,firms,VIIRS,VIIRS_NOAA21_NRT
-2.91546,115.24313,2026-05-01,1815,N21,n,2.0NRT,0.66,N,0.33,0.55,,,,,,firms,VIIRS,VIIRS_NOAA21_NRT
-2.8864,115.25684,2026-05-01,1815,N21,n,2.0NRT,2.76,N,0.33,0.55,,,,,,firms,VIIRS,VIIRS_NOAA21_NRT
-2.06204,115.57035,2026-05-01,1815,N21,n,2.0NRT,2.19,N,0.34,0.56,,,,,,firms,VIIRS,VIIRS_NOAA21_NRT
-1.89589,115.86255,2026-05-01,1815,N21,n,2.0NRT,3.82,N,0.35,0.57,,,,,,firms,VIIRS,VIIRS_NOAA21_NRT
-1.89541,115.85937,2026-05-01,1815,N21,n,2.0NRT,4.63,N,0.35,0.57,,,,,,firms,VIIRS,VIIRS_NOAA21_NRT
-1.89116,115.86654,2026-05-01,1815,N21,n,2.0NRT,3.82,N,0.35,0.57,,,,,,firms,VIIRS,VIIRS_NOAA21_NRT
-1.89068,115.86337,2026-05-01,1815,N21,n,2.0NRT,3.82,N,0.35,0.57,,,,,,firms,VIIRS,VIIRS_NOAA21_NRT
-1.89021,115.8602,2026-05-01,1815,N21,n,2.0NRT,4.63,N,0.35,0.57,,,,,,firms,VIIRS,VIIRS_NOAA21_NRT
-1.24799,116.81495,2026-05-01,1815,N21,n,2.0NRT,4.75,N,0.4,0.6,,,,,,firms,VIIRS,VIIRS_NOAA21_NRT
-1.24748,116.81519,2026-05-01,1815,N21,n,2.0NRT,3.75,N,0.4,0.6,,,,,,firms,VIIRS,VIIRS_NOAA21_NRT
-1.24354,116.8229,2026-05-01,1815,N21,n,2.0NRT,1.03,N,0.4,0.6,,,,,,firms,VIIRS,VIIRS_NOAA21_NRT
-1.24309,116.8231,2026-05-01,1815,N21,n,2.0NRT,1.75,N,0.4,0.6,,,,,,firms,VIIRS,VIIRS_NOAA21_NRT
-1.24199,116.81603,2026-05-01,1815,N21,n,2.0NRT,3.75,N,0.4,0.6,,,,,,firms,VIIRS,VIIRS_NOAA21_NRT
-1.16831,103.33873,2026-05-01,1815,N21,n,2.0NRT,1.41,N,0.51,0.41,,,,,,firms,VIIRS,VIIRS_NOAA21_NRT
-0.48976,102.47601,2026-05-01,1815,N21,n,2.0NRT,1.35,N,0.39,0.44,,,,,,firms,VIIRS,VIIRS_NOAA21_NRT
0.44289,101.89167,2026-05-01,1815,N21,n,2.0NRT,2.36,N,0.44,0.46,,,,,,firms,VIIRS,VIIRS_NOAA21_NRT
0.54315,103.14725,2026-05-01,1815,N21,n,2.0NRT,1.89,N,0.55,0.43,,,,,,firms,VIIRS,VIIRS_NOAA21_NRT
0.67425,117.5672,2026-05-01,1815,N21,n,2.0NRT,2.62,N,0.42,0.61,,,,,,firms,VIIRS,VIIRS_NOAA21_NRT
0.67486,117.56347,2026-05-01,1815,N21,n,2.0NRT,2.62,N,0.42,0.61,,,,,,firms,VIIRS,VIIRS_NOAA21_NRT
0.67638,117.56589,2026-05-01,1815,N21,n,2.0NRT,3.75,N,0.42,0.61,,,,,,firms,VIIRS,VIIRS_NOAA21_NRT
0.68104,117.56077,2026-05-01,1815,N21,n,2.0NRT,2.31,N,0.42,0.61,,,,,,firms,VIIRS,VIIRS_NOAA21_NRT
0.68314,117.55936,2026-05-01,1815,N21,n,2.0NRT,1.59,N,0.42,0.61,,,,,,firms,VIIRS,VIIRS_NOAA21_NRT
0.70369,117.46282,2026-05-01,1815,N21,n,2.0NRT,0.84,N,0.42,0.61,,,,,,firms,VIIRS,VIIRS_NOAA21_NRT
1.66711,117.19777,2026-05-01,1815,N21,n,2.0NRT,0.64,N,0.39,0.59,,,,,,firms,VIIRS,VIIRS_NOAA21_NRT
1.93046,117.29324,2026-05-01,1815,N21,n,2.0NRT,0.99,N,0.39,0.59,,,,,,firms,VIIRS,VIIRS_NOAA21_NRT
2.13281,111.63621,2026-05-01,1815,N21,n,2.0NRT,1.33,N,0.49,0.4,,,,,,firms,VIIRS,VIIRS_NOAA21_NRT
3.09189,117.24574,2026-05-01,1815,N21,n,2.0NRT,1.81,N,0.37,0.58,,,,,,firms,VIIRS,VIIRS_NOAA21_NRT
3.22013,103.2678,2026-05-01,1815,N21,n,2.0NRT,1.36,N,0.39,0.44,,,,,,firms,VIIRS,VIIRS_NOAA21_NRT
4.28778,103.42853,2026-05-01,1815,N21,n,2.0NRT,2.26,N,0.4,0.44,,,,,,firms,VIIRS,VIIRS_NOAA21_NRT
4.3208,106.08812,2026-05-01,1815,N21,n,2.0NRT,5.81,N,0.43,0.38,,,,,,firms,VIIRS,VIIRS_NOAA21_NRT
4.45452,97.19785,2026-05-01,1815,N21,n,2.0NRT,1.4,N,0.53,0.67,,,,,,firms,VIIRS,VIIRS_NOAA21_NRT
4.66463,97.57394,2026-05-01,1815,N21,n,2.0NRT,0.79,N,0.5,0.66,,,,,,firms,VIIRS,VIIRS_NOAA21_NRT
4.90215,97.48949,2026-05-01,1815,N21,n,2.0NRT,1.49,N,0.51,0.66,,,,,,firms,VIIRS,VIIRS_NOAA21_NRT
4.90956,97.48105,2026-05-01,1815,N21,n,2.0NRT,1.18,N,0.52,0.66,,,,,,firms,VIIRS,VIIRS_NOAA21_NRT
4.91022,97.47643,2026-05-01,1815,N21,n,2.0NRT,1.18,N,0.52,0.67,,,,,,firms,VIIRS,VIIRS_NOAA21_NRT
-7.54453,110.44764,2026-05-01,1817,N21,n,2.0NRT,7.42,N,0.56,0.43,,,,,,firms,VIIRS,VIIRS_NOAA21_NRT
-7.54444,110.44522,2026-05-01,1817,N21,n,2.0NRT,12.76,N,0.56,0.43,,,,,,firms,VIIRS,VIIRS_NOAA21_NRT
-7.54385,110.44308,2026-05-01,1817,N21,n,2.0NRT,7.42,N,0.56,0.43,,,,,,firms,VIIRS,VIIRS_NOAA21_NRT
-7.24148,111.73556,2026-05-01,1817,N21,n,2.0NRT,9.87,N,0.44,0.46,,,,,,firms,VIIRS,VIIRS_NOAA21_NRT
-6.59244,106.80496,2026-05-01,1817,N21,n,2.0NRT,0.61,N,0.39,0.36,,,,,,firms,VIIRS,VIIRS_NOAA21_NRT
-6.54696,108.09412,2026-05-01,1817,N21,n,2.0NRT,2.17,N,0.42,0.37,,,,,,firms,VIIRS,VIIRS_NOAA21_NRT
-6.48347,108.34766,2026-05-01,1817,N21,n,2.0NRT,0.64,N,0.43,0.38,,,,,,firms,VIIRS,VIIRS_NOAA21_NRT
-6.37333,106.42282,2026-05-01,1817,N21,n,2.0NRT,0.62,N,0.38,0.36,,,,,,firms,VIIRS,VIIRS_NOAA21_NRT
-6.18275,106.3539,2026-05-01,1817,N21,n,2.0NRT,0.97,N,0.38,0.36,,,,,,firms,VIIRS,VIIRS_NOAA21_NRT
-6.09918,106.67162,2026-05-01,1817,N21,n,2.0NRT,0.59,N,0.39,0.36,,,,,,firms,VIIRS,VIIRS_NOAA21_NRT
-6.01232,105.98103,2026-05-01,1817,N21,n,2.0NRT,1.15,N,0.38,0.36,,,,,,firms,VIIRS,VIIRS_NOAA21_NRT
-6.01178,105.97758,2026-05-01,1817,N21,n,2.0NRT,1.15,N,0.38,0.36,,,,,,firms,VIIRS,VIIRS_NOAA21_NRT
-5.91168,107.92733,2026-05-01,1817,N21,n,2.0NRT,7.88,N,0.41,0.37,,,,,,firms,VIIRS,VIIRS_NOAA21_NRT
-4.39679,104.18159,2026-05-01,1817,N21,n,2.0NRT,0.81,N,0.43,0.38,,,,,,firms,VIIRS,VIIRS_NOAA21_NRT
-7.99847,139.89619,2026-05-02,332,N21,n,2.0NRT,5.29,D,0.42,0.61,,,,,,firms,VIIRS,VIIRS_NOAA21_NRT
-4.34704,140.32961,2026-05-02,334,N21,n,2.0NRT,4.49,D,0.35,0.56,,,,,,firms,VIIRS,VIIRS_NOAA21_NRT
-4.34439,140.32852,2026-05-02,334,N21,n,2.0NRT,6.81,D,0.35,0.56,,,,,,firms,VIIRS,VIIRS_NOAA21_NRT
-3.66349,138.38547,2026-05-02,334,N21,n,2.0NRT,3.36,D,0.46,0.64,,,,,,firms,VIIRS,VIIRS_NOAA21_NRT
-1.81611,136.74971,2026-05-02,334,N21,n,2.0NRT,11.53,D,0.56,0.69,,,,,,firms,VIIRS,VIIRS_NOAA21_NRT
-10.82405,123.04308,2026-05-02,514,N21,n,2.0NRT,1.95,D,0.41,0.37,,,,,,firms,VIIRS,VIIRS_NOAA21_NRT
-9.80532,120.4245,2026-05-02,514,N21,n,2.0NRT,12.21,D,0.54,0.42,,,,,,firms,VIIRS,VIIRS_NOAA21_NRT
-9.80346,120.42168,2026-05-02,514,N21,n,2.0NRT,11.01,D,0.54,0.42,,,,,,firms,VIIRS,VIIRS_NOAA21_NRT
-9.76653,120.46033,2026-05-02,514,N21,n,2.0NRT,9.15,D,0.53,0.42,,,,,,firms,VIIRS,VIIRS_NOAA21_NRT
-9.65413,119.33807,2026-05-02,514,N21,n,2.0NRT,3.49,D,0.41,0.45,,,,,,firms,VIIRS,VIIRS_NOAA21_NRT
-9.44103,119.49842,2026-05-02,514,N21,n,2.0NRT,10.5,D,0.4,0.44,,,,,,firms,VIIRS,VIIRS_NOAA21_NRT
-9.38935,119.63373,2026-05-02,514,N21,n,2.0NRT,2.09,D,0.39,0.44,,,,,,firms,VIIRS,VIIRS_NOAA21_NRT
-8.1772,131.0063,2026-05-02,514,N21,n,2.0NRT,3.43,D,0.49,0.49,,,,,,firms,VIIRS,VIIRS_NOAA21_NRT
-5.64683,119.83137,2026-05-02,514,N21,n,2.0NRT,3.6,D,0.51,0.41,,,,,,firms,VIIRS,VIIRS_NOAA21_NRT
-3.77062,120.05998,2026-05-02,516,N21,n,2.0NRT,3.63,D,0.48,0.4,,,,,,firms,VIIRS,VIIRS_NOAA21_NRT
-3.41497,119.70919,2026-05-02,516,N21,n,2.0NRT,5.8,D,0.49,0.4,,,,,,firms,VIIRS,VIIRS_NOAA21_NRT
-2.0136,121.42043,2026-05-02,516,N21,n,2.0NRT,5.32,D,0.4,0.37,,,,,,firms,VIIRS,VIIRS_NOAA21_NRT
-2.01022,121.41998,2026-05-02,516,N21,n,2.0NRT,3.81,D,0.4,0.37,,,,,,firms,VIIRS,VIIRS_NOAA21_NRT
-2.00858,121.43082,2026-05-02,516,N21,n,2.0NRT,4.78,D,0.4,0.37,,,,,,firms,VIIRS,VIIRS_NOAA21_NRT
-2.00804,121.43437,2026-05-02,516,N21,n,2.0NRT,4.78,D,0.4,0.37,,,,,,firms,VIIRS,VIIRS_NOAA21_NRT
-2.00684,121.41951,2026-05-02,516,N21,n,2.0NRT,3.81,D,0.4,0.37,,,,,,firms,VIIRS,VIIRS_NOAA21_NRT
-1.94648,113.09247,2026-05-02,516,N21,n,2.0NRT,2.81,D,0.43,0.62,,,,,,firms,VIIRS,VIIRS_NOAA21_NRT
-1.89559,115.86805,2026-05-02,516,N21,n,2.0NRT,3.91,D,0.55,0.51,,,,,,firms,VIIRS,VIIRS_NOAA21_NRT
-1.89093,115.86742,2026-05-02,516,N21,n,2.0NRT,3.91,D,0.55,0.51,,,,,,firms,VIIRS,VIIRS_NOAA21_NRT
-0.05707,117.44167,2026-05-02,516,N21,n,2.0NRT,3.75,D,0.4,0.44,,,,,,firms,VIIRS,VIIRS_NOAA21_NRT
0.17303,116.33102,2026-05-02,516,N21,n,2.0NRT,3.82,D,0.47,0.48,,,,,,firms,VIIRS,VIIRS_NOAA21_NRT
0.22636,117.49211,2026-05-02,516,N21,n,2.0NRT,6.65,D,0.4,0.44,,,,,,firms,VIIRS,VIIRS_NOAA21_NRT
0.24112,117.45393,2026-05-02,516,N21,n,2.0NRT,3.01,D,0.4,0.44,,,,,,firms,VIIRS,VIIRS_NOAA21_NRT
0.3911,117.5385,2026-05-02,516,N21,n,2.0NRT,9.28,D,0.39,0.44,,,,,,firms,VIIRS,VIIRS_NOAA21_NRT
0.59416,116.78806,2026-05-02,516,N21,n,2.0NRT,5.24,D,0.43,0.46,,,,,,firms,VIIRS,VIIRS_NOAA21_NRT
0.63294,116.8103,2026-05-02,516,N21,n,2.0NRT,3.97,D,0.43,0.46,,,,,,firms,VIIRS,VIIRS_NOAA21_NRT
0.6605,116.73927,2026-05-02,516,N21,n,2.0NRT,2.58,D,0.44,0.46,,,,,,firms,VIIRS,VIIRS_NOAA21_NRT
0.7717,117.08176,2026-05-02,516,N21,n,2.0NRT,8.1,D,0.41,0.45,,,,,,firms,VIIRS,VIIRS_NOAA21_NRT
0.77228,117.08544,2026-05-02,516,N21,n,2.0NRT,8.1,D,0.41,0.45,,,,,,firms,VIIRS,VIIRS_NOAA21_NRT
0.81276,116.88438,2026-05-02,516,N21,n,2.0NRT,25.78,D,0.43,0.46,,,,,,firms,VIIRS,VIIRS_NOAA21_NRT
0.86523,118.01292,2026-05-02,516,N21,n,2.0NRT,5.38,D,0.54,0.42,,,,,,firms,VIIRS,VIIRS_NOAA21_NRT
0.87938,117.97629,2026-05-02,516,N21,n,2.0NRT,10.46,D,0.54,0.42,,,,,,firms,VIIRS,VIIRS_NOAA21_NRT
0.88583,116.9575,2026-05-02,516,N21,n,2.0NRT,3.92,D,0.42,0.45,,,,,,firms,VIIRS,VIIRS_NOAA21_NRT
1.00284,117.09115,2026-05-02,516,N21,n,2.0NRT,9.25,D,0.41,0.45,,,,,,firms,VIIRS,VIIRS_NOAA21_NRT
1.04652,121.44196,2026-05-02,516,N21,n,2.0NRT,3.79,D,0.39,0.36,,,,,,firms,VIIRS,VIIRS_NOAA21_NRT
1.12653,121.38705,2026-05-02,516,N21,n,2.0NRT,7.38,D,0.39,0.36,,,,,,firms,VIIRS,VIIRS_NOAA21_NRT
1.26803,117.18591,2026-05-02,516,N21,n,2.0NRT,3.13,D,0.4,0.44,,,,,,firms,VIIRS,VIIRS_NOAA21_NRT
1.32924,116.6358,2026-05-02,516,N21,n,2.0NRT,8.22,D,0.43,0.46,,,,,,firms,VIIRS,VIIRS_NOAA21_NRT
1.33104,117.6427,2026-05-02,516,N21,n,2.0NRT,8.1,D,0.56,0.43,,,,,,firms,VIIRS,VIIRS_NOAA21_NRT
1.34366,116.63741,2026-05-02,516,N21,n,2.0NRT,2.58,D,0.43,0.46,,,,,,firms,VIIRS,VIIRS_NOAA21_NRT
1.35255,116.61247,2026-05-02,516,N21,n,2.0NRT,25.81,D,0.43,0.46,,,,,,firms,VIIRS,VIIRS_NOAA21_NRT
1.42062,118.21813,2026-05-02,516,N21,n,2.0NRT,2.4,D,0.52,0.41,,,,,,firms,VIIRS,VIIRS_NOAA21_NRT
1.48439,117.10174,2026-05-02,516,N21,n,2.0NRT,5.23,D,0.4,0.44,,,,,,firms,VIIRS,VIIRS_NOAA21_NRT
1.56923,117.21483,2026-05-02,516,N21,n,2.0NRT,9.79,D,0.39,0.44,,,,,,firms,VIIRS,VIIRS_NOAA21_NRT
1.67945,117.06739,2026-05-02,516,N21,n,2.0NRT,10.24,D,0.4,0.44,,,,,,firms,VIIRS,VIIRS_NOAA21_NRT
1.75914,117.94731,2026-05-02,516,N21,n,2.0NRT,4.65,D,0.53,0.42,,,,,,firms,VIIRS,VIIRS_NOAA21_NRT
1.82824,117.81736,2026-05-02,516,N21,n,2.0NRT,18.35,D,0.54,0.42,,,,,,firms,VIIRS,VIIRS_NOAA21_NRT
2.11942,125.36113,2026-05-02,516,N21,n,2.0NRT,6.79,D,0.47,0.4,,,,,,firms,VIIRS,VIIRS_NOAA21_NRT
2.13885,117.14966,2026-05-02,516,N21,n,2.0NRT,4.76,D,0.39,0.44,,,,,,firms,VIIRS,VIIRS_NOAA21_NRT
2.15887,117.14667,2026-05-02,516,N21,n,2.0NRT,3.13,D,0.39,0.44,,,,,,firms,VIIRS,VIIRS_NOAA21_NRT
2.19126,116.92403,2026-05-02,516,N21,n,2.0NRT,4.4,D,0.4,0.44,,,,,,firms,VIIRS,VIIRS_NOAA21_NRT
2.77898,117.54343,2026-05-02,516,N21,n,2.0NRT,3.92,D,0.54,0.42,,,,,,firms,VIIRS,VIIRS_NOAA21_NRT
2.97503,117.32462,2026-05-02,516,N21,n,2.0NRT,7.18,D,0.56,0.43,,,,,,firms,VIIRS,VIIRS_NOAA21_NRT
3.52198,113.31319,2026-05-02,518,N21,n,2.0NRT,6.42,D,0.34,0.56,,,,,,firms,VIIRS,VIIRS_NOAA21_NRT
3.5255,113.31323,2026-05-02,518,N21,n,2.0NRT,4.58,D,0.34,0.56,,,,,,firms,VIIRS,VIIRS_NOAA21_NRT
3.55081,116.91924,2026-05-02,518,N21,n,2.0NRT,2.74,D,0.39,0.44,,,,,,firms,VIIRS,VIIRS_NOAA21_NRT
3.55479,116.91865,2026-05-02,518,N21,n,2.0NRT,2.46,D,0.39,0.44,,,,,,firms,VIIRS,VIIRS_NOAA21_NRT
4.00514,117.22527,2026-05-02,518,N21,n,2.0NRT,17.57,D,0.55,0.42,,,,,,firms,VIIRS,VIIRS_NOAA21_NRT
4.01977,113.75343,2026-05-02,518,N21,n,2.0NRT,5.44,D,0.62,0.54,,,,,,firms,VIIRS,VIIRS_NOAA21_NRT
4.02145,117.20281,2026-05-02,518,N21,n,2.0NRT,14.3,D,0.55,0.43,,,,,,firms,VIIRS,VIIRS_NOAA21_NRT
4.09467,116.87312,2026-05-02,518,N21,n,2.0NRT,3.13,D,0.57,0.43,,,,,,firms,VIIRS,VIIRS_NOAA21_NRT
4.36942,118.53356,2026-05-02,518,N21,n,2.0NRT,4.77,D,0.46,0.39,,,,,,firms,VIIRS,VIIRS_NOAA21_NRT
4.37678,117.51356,2026-05-02,518,N21,n,2.0NRT,4.88,D,0.52,0.42,,,,,,firms,VIIRS,VIIRS_NOAA21_NRT
4.66957,114.45757,2026-05-02,518,N21,l,2.0NRT,33.6,D,0.54,0.51,,,,,,firms,VIIRS,VIIRS_NOAA21_NRT
4.67015,114.46349,2026-05-02,518,N21,n,2.0NRT,27.69,D,0.54,0.51,,,,,,firms,VIIRS,VIIRS_NOAA21_NRT
4.67034,114.46236,2026-05-02,518,N21,n,2.0NRT,49.07,D,0.54,0.51,,,,,,firms,VIIRS,VIIRS_NOAA21_NRT
4.91038,115.90263,2026-05-02,518,N21,n,2.0NRT,3.44,D,0.43,0.46,,,,,,firms,VIIRS,VIIRS_NOAA21_NRT
4.94803,116.13961,2026-05-02,518,N21,n,2.0NRT,2.35,D,0.41,0.45,,,,,,firms,VIIRS,VIIRS_NOAA21_NRT
4.97487,114.92097,2026-05-02,518,N21,n,2.0NRT,3.83,D,0.5,0.49,,,,,,firms,VIIRS,VIIRS_NOAA21_NRT
4.9776,112.97849,2026-05-02,518,N21,n,2.0NRT,3.91,D,0.34,0.56,,,,,,firms,VIIRS,VIIRS_NOAA21_NRT
4.97812,112.98148,2026-05-02,518,N21,n,2.0NRT,4.38,D,0.34,0.56,,,,,,firms,VIIRS,VIIRS_NOAA21_NRT
5.21197,114.7445,2026-05-02,518,N21,n,2.0NRT,3.5,D,0.51,0.49,,,,,,firms,VIIRS,VIIRS_NOAA21_NRT
5.21384,116.4976,2026-05-02,518,N21,n,2.0NRT,4.84,D,0.39,0.44,,,,,,firms,VIIRS,VIIRS_NOAA21_NRT
5.23409,116.12619,2026-05-02,518,N21,n,2.0NRT,2.09,D,0.41,0.45,,,,,,firms,VIIRS,VIIRS_NOAA21_NRT
5.26028,116.10695,2026-05-02,518,N21,n,2.0NRT,3.33,D,0.41,0.45,,,,,,firms,VIIRS,VIIRS_NOAA21_NRT
5.2783,116.21982,2026-05-02,518,N21,n,2.0NRT,3.84,D,0.4,0.44,,,,,,firms,VIIRS,VIIRS_NOAA21_NRT
5.47311,115.56556,2026-05-02,518,N21,n,2.0NRT,26.04,D,0.44,0.46,,,,,,firms,VIIRS,VIIRS_NOAA21_NRT
5.69611,116.82191,2026-05-02,518,N21,n,2.0NRT,8.69,D,0.55,0.43,,,,,,firms,VIIRS,VIIRS_NOAA21_NRT
-3.77621,104.20483,2026-05-02,657,N21,n,2.0NRT,4.62,D,0.47,0.47,,,,,,firms,VIIRS,VIIRS_NOAA21_NRT
-3.6898,103.65826,2026-05-02,657,N21,n,2.0NRT,4.87,D,0.43,0.46,,,,,,firms,VIIRS,VIIRS_NOAA21_NRT
0.27785,99.32224,2026-05-02,659,N21,n,2.0NRT,3.07,D,0.42,0.38,,,,,,firms,VIIRS,VIIRS_NOAA21_NRT
2.41423,100.31411,2026-05-02,659,N21,n,2.0NRT,5.7,D,0.49,0.4,,,,,,firms,VIIRS,VIIRS_NOAA21_NRT
2.65656,97.65742,2026-05-02,659,N21,n,2.0NRT,3.63,D,0.39,0.36,,,,,,firms,VIIRS,VIIRS_NOAA21_NRT
3.15433,102.96748,2026-05-02,659,N21,n,2.0NRT,8.55,D,0.49,0.49,,,,,,firms,VIIRS,VIIRS_NOAA21_NRT
3.41569,97.82208,2026-05-02,659,N21,n,2.0NRT,3.09,D,0.4,0.37,,,,,,firms,VIIRS,VIIRS_NOAA21_NRT
3.93202,97.39076,2026-05-02,659,N21,n,2.0NRT,2.75,D,0.39,0.36,,,,,,firms,VIIRS,VIIRS_NOAA21_NRT
3.97125,103.37401,2026-05-02,659,N21,n,2.0NRT,7.41,D,0.54,0.51,,,,,,firms,VIIRS,VIIRS_NOAA21_NRT
3.97239,103.37752,2026-05-02,659,N21,n,2.0NRT,9.14,D,0.54,0.51,,,,,,firms,VIIRS,VIIRS_NOAA21_NRT
4.02926,97.13236,2026-05-02,659,N21,n,2.0NRT,3.9,D,0.39,0.36,,,,,,firms,VIIRS,VIIRS_NOAA21_NRT
4.45964,97.19193,2026-05-02,659,N21,n,2.0NRT,2.74,D,0.39,0.36,,,,,,firms,VIIRS,VIIRS_NOAA21_NRT
4.5002,102.56739,2026-05-02,659,N21,n,2.0NRT,4.29,D,0.48,0.48,,,,,,firms,VIIRS,VIIRS_NOAA21_NRT
4.50044,102.57034,2026-05-02,659,N21,n,2.0NRT,4.3,D,0.48,0.48,,,,,,firms,VIIRS,VIIRS_NOAA21_NRT
4.5257,97.60519,2026-05-02,659,N21,n,2.0NRT,8.3,D,0.4,0.37,,,,,,firms,VIIRS,VIIRS_NOAA21_NRT
4.55505,103.45611,2026-05-02,659,N21,n,2.0NRT,5.7,D,0.56,0.51,,,,,,firms,VIIRS,VIIRS_NOAA21_NRT
4.5704,103.29782,2026-05-02,659,N21,n,2.0NRT,57.65,D,0.54,0.51,,,,,,firms,VIIRS,VIIRS_NOAA21_NRT
4.57506,103.29726,2026-05-02,659,N21,n,2.0NRT,8.68,D,0.54,0.51,,,,,,firms,VIIRS,VIIRS_NOAA21_NRT
4.76765,101.62678,2026-05-02,659,N21,n,2.0NRT,5.64,D,0.42,0.45,,,,,,firms,VIIRS,VIIRS_NOAA21_NRT
5.54091,102.80305,2026-05-02,659,N21,n,2.0NRT,5.84,D,0.52,0.5,,,,,,firms,VIIRS,VIIRS_NOAA21_NRT
5.56283,102.72899,2026-05-02,659,N21,n,2.0NRT,4.55,D,0.51,0.5,,,,,,firms,VIIRS,VIIRS_NOAA21_NRT
5.59405,102.75298,2026-05-02,659,N21,n,2.0NRT,9.89,D,0.52,0.5,,,,,,firms,VIIRS,VIIRS_NOAA21_NRT
5.60609,102.7628,2026-05-02,659,N21,n,2.0NRT,7.57,D,0.52,0.5,,,,,,firms,VIIRS,VIIRS_NOAA21_NRT
5.60901,102.76026,2026-05-02,659,N21,n,2.0NRT,10.54,D,0.52,0.5,,,,,,firms,VIIRS,VIIRS_NOAA21_NRT
5.89529,102.31849,2026-05-02,659,N21,n,2.0NRT,6.79,D,0.49,0.48,,,,,,firms,VIIRS,VIIRS_NOAA21_NRT
5.98156,102.3247,2026-05-02,659,N21,n,2.0NRT,4.04,D,0.49,0.49,,,,,,firms,VIIRS,VIIRS_NOAA21_NRT
5.98193,102.3241,2026-05-02,659,N21,n,2.0NRT,4.97,D,0.49,0.48,,,,,,firms,VIIRS,VIIRS_NOAA21_NRT
-2.43914,133.14249,2026-05-02,1616,N21,n,2.0NRT,3.41,N,0.51,0.41,,,,,,firms,VIIRS,VIIRS_NOAA21_NRT
-2.43841,133.13792,2026-05-02,1616,N21,n,2.0NRT,2.82,N,0.51,0.41,,,,,,firms,VIIRS,VIIRS_NOAA21_NRT
-1.57263,127.42941,2026-05-02,1616,N21,n,2.0NRT,1.06,N,0.42,0.61,,,,,,firms,VIIRS,VIIRS_NOAA21_NRT
-1.56704,127.43036,2026-05-02,1616,N21,n,2.0NRT,2.69,N,0.42,0.61,,,,,,firms,VIIRS,VIIRS_NOAA21_NRT
-1.56636,127.42619,2026-05-02,1616,N21,n,2.0NRT,2.99,N,0.42,0.61,,,,,,firms,VIIRS,VIIRS_NOAA21_NRT
-1.56076,127.42706,2026-05-02,1616,N21,n,2.0NRT,2.99,N,0.42,0.61,,,,,,firms,VIIRS,VIIRS_NOAA21_NRT
-1.4604,127.43456,2026-05-02,1616,N21,n,2.0NRT,6.15,N,0.42,0.61,,,,,,firms,VIIRS,VIIRS_NOAA21_NRT
-1.45468,127.43481,2026-05-02,1616,N21,n,2.0NRT,6.15,N,0.42,0.61,,,,,,firms,VIIRS,VIIRS_NOAA21_NRT
-0.52224,128.07909,2026-05-02,1616,N21,n,2.0NRT,1.83,N,0.4,0.6,,,,,,firms,VIIRS,VIIRS_NOAA21_NRT
0.51291,127.89333,2026-05-02,1616,N21,n,2.0NRT,2.96,N,0.42,0.61,,,,,,firms,VIIRS,VIIRS_NOAA21_NRT
1.49454,127.62895,2026-05-02,1616,N21,n,2.0NRT,6.38,N,0.46,0.63,,,,,,firms,VIIRS,VIIRS_NOAA21_NRT
1.49578,127.62076,2026-05-02,1616,N21,n,2.0NRT,4.33,N,0.46,0.63,,,,,,firms,VIIRS,VIIRS_NOAA21_NRT
0.56907,117.4555,2026-05-02,1756,N21,n,2.0NRT,0.98,N,0.4,0.44,,,,,,firms,VIIRS,VIIRS_NOAA21_NRT
0.673,117.5658,2026-05-02,1756,N21,n,2.0NRT,1.87,N,0.4,0.44,,,,,,firms,VIIRS,VIIRS_NOAA21_NRT
0.67705,117.56654,2026-05-02,1756,N21,n,2.0NRT,3.77,N,0.4,0.44,,,,,,firms,VIIRS,VIIRS_NOAA21_NRT
0.68219,117.56007,2026-05-02,1756,N21,n,2.0NRT,3.95,N,0.4,0.44,,,,,,firms,VIIRS,VIIRS_NOAA21_NRT
0.69239,117.55108,2026-05-02,1756,N21,n,2.0NRT,1.4,N,0.4,0.44,,,,,,firms,VIIRS,VIIRS_NOAA21_NRT
0.70547,117.46194,2026-05-02,1756,N21,n,2.0NRT,1.76,N,0.39,0.44,,,,,,firms,VIIRS,VIIRS_NOAA21_NRT
0.70658,117.46248,2026-05-02,1756,N21,n,2.0NRT,1.79,N,0.39,0.44,,,,,,firms,VIIRS,VIIRS_NOAA21_NRT
0.74876,117.07349,2026-05-02,1756,N21,n,2.0NRT,1.11,N,0.56,0.43,,,,,,firms,VIIRS,VIIRS_NOAA21_NRT
1.66631,117.19579,2026-05-02,1756,N21,n,2.0NRT,2.09,N,0.55,0.43,,,,,,firms,VIIRS,VIIRS_NOAA21_NRT
1.66707,117.19095,2026-05-02,1756,N21,n,2.0NRT,2.09,N,0.55,0.43,,,,,,firms,VIIRS,VIIRS_NOAA21_NRT
1.6842,117.18371,2026-05-02,1756,N21,n,2.0NRT,3.62,N,0.55,0.43,,,,,,firms,VIIRS,VIIRS_NOAA21_NRT
1.76877,117.92023,2026-05-02,1756,N21,n,2.0NRT,0.56,N,0.41,0.45,,,,,,firms,VIIRS,VIIRS_NOAA21_NRT
2.75835,117.51395,2026-05-02,1756,N21,n,2.0NRT,1.64,N,0.56,0.43,,,,,,firms,VIIRS,VIIRS_NOAA21_NRT
2.75837,117.51235,2026-05-02,1756,N21,n,2.0NRT,1.43,N,0.56,0.43,,,,,,firms,VIIRS,VIIRS_NOAA21_NRT
3.09386,117.24837,2026-05-02,1756,N21,n,2.0NRT,2.42,N,0.53,0.42,,,,,,firms,VIIRS,VIIRS_NOAA21_NRT
3.25326,112.81136,2026-05-02,1756,N21,n,2.0NRT,1.33,N,0.38,0.36,,,,,,firms,VIIRS,VIIRS_NOAA21_NRT
3.28269,113.08292,2026-05-02,1756,N21,n,2.0NRT,1.65,N,0.38,0.36,,,,,,firms,VIIRS,VIIRS_NOAA21_NRT
3.60495,112.411,2026-05-02,1756,N21,n,2.0NRT,3.4,N,0.39,0.36,,,,,,firms,VIIRS,VIIRS_NOAA21_NRT
3.76399,112.06413,2026-05-02,1756,N21,n,2.0NRT,3.31,N,0.39,0.36,,,,,,firms,VIIRS,VIIRS_NOAA21_NRT
4.02231,103.34204,2026-05-02,1756,N21,n,2.0NRT,1.71,N,0.42,0.61,,,,,,firms,VIIRS,VIIRS_NOAA21_NRT
4.37563,117.51135,2026-05-02,1756,N21,n,2.0NRT,3.25,N,0.53,0.42,,,,,,firms,VIIRS,VIIRS_NOAA21_NRT
4.5759,103.29698,2026-05-02,1756,N21,n,2.0NRT,2.31,N,0.43,0.62,,,,,,firms,VIIRS,VIIRS_NOAA21_NRT
4.97862,112.98273,2026-05-02,1756,N21,n,2.0NRT,8.54,N,0.39,0.36,,,,,,firms,VIIRS,VIIRS_NOAA21_NRT
5.21359,114.74323,2026-05-02,1756,N21,n,2.0NRT,5.71,N,0.4,0.37,,,,,,firms,VIIRS,VIIRS_NOAA21_NRT
5.42946,114.71201,2026-05-02,1756,N21,n,2.0NRT,4.26,N,0.4,0.37,,,,,,firms,VIIRS,VIIRS_NOAA21_NRT
5.47699,115.56345,2026-05-02,1756,N21,n,2.0NRT,1.04,N,0.42,0.37,,,,,,firms,VIIRS,VIIRS_NOAA21_NRT
5.56279,114.98461,2026-05-02,1756,N21,n,2.0NRT,2.24,N,0.4,0.37,,,,,,firms,VIIRS,VIIRS_NOAA21_NRT
5.61901,114.8908,2026-05-02,1756,N21,n,2.0NRT,0.25,N,0.4,0.37,,,,,,firms,VIIRS,VIIRS_NOAA21_NRT
5.73706,103.64962,2026-05-02,1756,N21,n,2.0NRT,2.22,N,0.42,0.61,,,,,,firms,VIIRS,VIIRS_NOAA21_NRT
-6.92933,112.70755,2026-05-02,1758,N21,n,2.0NRT,5.06,N,0.42,0.37,,,,,,firms,VIIRS,VIIRS_NOAA21_NRT
-6.92926,112.70742,2026-05-02,1758,N21,n,2.0NRT,5.21,N,0.41,0.37,,,,,,firms,VIIRS,VIIRS_NOAA21_NRT
-4.94414,119.6255,2026-05-02,1758,N21,n,2.0NRT,1.49,N,0.34,0.56,,,,,,firms,VIIRS,VIIRS_NOAA21_NRT
-3.66907,104.92645,2026-05-02,1758,N21,n,2.0NRT,3.17,N,0.49,0.49,,,,,,firms,VIIRS,VIIRS_NOAA21_NRT
-3.50487,103.34152,2026-05-02,1758,N21,n,2.0NRT,0.94,N,0.32,0.54,,,,,,firms,VIIRS,VIIRS_NOAA21_NRT
-2.9426,115.23917,2026-05-02,1758,N21,n,2.0NRT,2.48,N,0.49,0.4,,,,,,firms,VIIRS,VIIRS_NOAA21_NRT
-2.91674,115.24315,2026-05-02,1758,N21,n,2.0NRT,1.06,N,0.49,0.4,,,,,,firms,VIIRS,VIIRS_NOAA21_NRT
-2.8848,115.25708,2026-05-02,1758,N21,n,2.0NRT,3.47,N,0.49,0.4,,,,,,firms,VIIRS,VIIRS_NOAA21_NRT
-2.82677,122.13811,2026-05-02,1758,N21,n,2.0NRT,2.5,N,0.47,0.64,,,,,,firms,VIIRS,VIIRS_NOAA21_NRT
-2.82186,122.14086,2026-05-02,1758,N21,n,2.0NRT,2.22,N,0.47,0.64,,,,,,firms,VIIRS,VIIRS_NOAA21_NRT
-2.37266,112.22001,2026-05-02,1758,N21,n,2.0NRT,0.63,N,0.39,0.36,,,,,,firms,VIIRS,VIIRS_NOAA21_NRT
-2.297,102.8949,2026-05-02,1758,N21,n,2.0NRT,0.35,N,0.36,0.57,,,,,,firms,VIIRS,VIIRS_NOAA21_NRT
-2.10313,103.79723,2026-05-02,1758,N21,n,2.0NRT,0.69,N,0.63,0.54,,,,,,firms,VIIRS,VIIRS_NOAA21_NRT
-2.06008,115.57021,2026-05-02,1758,N21,n,2.0NRT,1.95,N,0.5,0.41,,,,,,firms,VIIRS,VIIRS_NOAA21_NRT
-1.8952,115.86419,2026-05-02,1758,N21,n,2.0NRT,9.2,N,0.51,0.41,,,,,,firms,VIIRS,VIIRS_NOAA21_NRT
-1.89142,115.86478,2026-05-02,1758,N21,n,2.0NRT,6.78,N,0.51,0.41,,,,,,firms,VIIRS,VIIRS_NOAA21_NRT
-1.86352,115.88524,2026-05-02,1758,N21,n,2.0NRT,0.94,N,0.52,0.41,,,,,,firms,VIIRS,VIIRS_NOAA21_NRT
-1.57618,103.68349,2026-05-02,1758,N21,n,2.0NRT,0.75,N,0.32,0.55,,,,,,firms,VIIRS,VIIRS_NOAA21_NRT
-1.57208,103.69007,2026-05-02,1758,N21,n,2.0NRT,0.43,N,0.32,0.55,,,,,,firms,VIIRS,VIIRS_NOAA21_NRT
-1.47899,114.58088,2026-05-02,1758,N21,n,2.0NRT,0.69,N,0.44,0.38,,,,,,firms,VIIRS,VIIRS_NOAA21_NRT
-1.38148,122.48324,2026-05-02,1758,N21,n,2.0NRT,1.43,N,0.47,0.64,,,,,,firms,VIIRS,VIIRS_NOAA21_NRT
-1.38083,122.47907,2026-05-02,1758,N21,n,2.0NRT,1.08,N,0.47,0.64,,,,,,firms,VIIRS,VIIRS_NOAA21_NRT
-1.38052,122.48175,2026-05-02,1758,N21,n,2.0NRT,1.09,N,0.47,0.64,,,,,,firms,VIIRS,VIIRS_NOAA21_NRT
-1.29809,103.48574,2026-05-02,1758,N21,n,2.0NRT,0.54,N,0.34,0.56,,,,,,firms,VIIRS,VIIRS_NOAA21_NRT
-1.24902,116.81578,2026-05-02,1758,N21,n,2.0NRT,4.08,N,0.38,0.43,,,,,,firms,VIIRS,VIIRS_NOAA21_NRT
-1.24108,116.81702,2026-05-02,1758,N21,n,2.0NRT,1.95,N,0.38,0.43,,,,,,firms,VIIRS,VIIRS_NOAA21_NRT
-1.17543,103.49065,2026-05-02,1758,N21,n,2.0NRT,0.45,N,0.34,0.56,,,,,,firms,VIIRS,VIIRS_NOAA21_NRT
-0.98918,103.33295,2026-05-02,1758,N21,n,2.0NRT,0.51,N,0.35,0.57,,,,,,firms,VIIRS,VIIRS_NOAA21_NRT
-0.84852,117.2675,2026-05-02,1758,N21,n,2.0NRT,1.89,N,0.4,0.44,,,,,,firms,VIIRS,VIIRS_NOAA21_NRT
-0.84445,117.26814,2026-05-02,1758,N21,n,2.0NRT,2.08,N,0.4,0.44,,,,,,firms,VIIRS,VIIRS_NOAA21_NRT
-0.77782,117.21265,2026-05-02,1758,N21,n,2.0NRT,0.31,N,0.4,0.44,,,,,,firms,VIIRS,VIIRS_NOAA21_NRT
0.44456,101.89312,2026-05-02,1758,N21,n,2.0NRT,2.2,N,0.47,0.64,,,,,,firms,VIIRS,VIIRS_NOAA21_NRT
0.54314,110.42348,2026-05-02,1758,N21,n,2.0NRT,0.58,N,0.42,0.37,,,,,,firms,VIIRS,VIIRS_NOAA21_NRT
0.80063,110.71079,2026-05-02,1758,N21,n,2.0NRT,0.48,N,0.41,0.37,,,,,,firms,VIIRS,VIIRS_NOAA21_NRT
1.28294,103.71046,2026-05-02,1758,N21,n,2.0NRT,2.5,N,0.36,0.57,,,,,,firms,VIIRS,VIIRS_NOAA21_NRT
-8.92329,116.7643,2026-05-02,1800,N21,n,2.0NRT,0.79,N,0.49,0.48,,,,,,firms,VIIRS,VIIRS_NOAA21_NRT
-8.1189,114.05894,2026-05-02,1800,N21,n,2.0NRT,1.1,N,0.49,0.4,,,,,,firms,VIIRS,VIIRS_NOAA21_NRT
-6.54931,108.09337,2026-05-02,1800,N21,n,2.0NRT,0.59,N,0.44,0.39,,,,,,firms,VIIRS,VIIRS_NOAA21_NRT
-9.54751,119.96635,2026-05-03,453,N21,n,2.0NRT,17.96,D,0.39,0.6,,,,,,firms,VIIRS,VIIRS_NOAA21_NRT
-9.54709,119.96973,2026-05-03,453,N21,h,2.0NRT,17.96,D,0.39,0.6,,,,,,firms,VIIRS,VIIRS_NOAA21_NRT
-9.54618,119.96518,2026-05-03,453,N21,n,2.0NRT,16.96,D,0.39,0.6,,,,,,firms,VIIRS,VIIRS_NOAA21_NRT
-9.54574,119.96853,2026-05-03,453,N21,n,2.0NRT,16.96,D,0.39,0.6,,,,,,firms,VIIRS,VIIRS_NOAA21_NRT
-9.5453,119.97189,2026-05-03,453,N21,n,2.0NRT,20.21,D,0.39,0.6,,,,,,firms,VIIRS,VIIRS_NOAA21_NRT
-9.36814,119.91525,2026-05-03,453,N21,n,2.0NRT,7.01,D,0.39,0.6,,,,,,firms,VIIRS,VIIRS_NOAA21_NRT
-9.36768,119.91888,2026-05-03,453,N21,n,2.0NRT,5.8,D,0.39,0.6,,,,,,firms,VIIRS,VIIRS_NOAA21_NRT
-9.34858,119.6282,2026-05-03,453,N21,n,2.0NRT,5.27,D,0.41,0.61,,,,,,firms,VIIRS,VIIRS_NOAA21_NRT
-8.78777,121.28051,2026-05-03,453,N21,n,2.0NRT,6.59,D,0.62,0.54,,,,,,firms,VIIRS,VIIRS_NOAA21_NRT
-8.32902,118.94936,2026-05-03,455,N21,n,2.0NRT,3.13,D,0.45,0.63,,,,,,firms,VIIRS,VIIRS_NOAA21_NRT
-3.49032,122.09183,2026-05-03,455,N21,n,2.0NRT,7.95,D,0.46,0.47,,,,,,firms,VIIRS,VIIRS_NOAA21_NRT
-2.93479,121.46173,2026-05-03,455,N21,n,2.0NRT,7.76,D,0.5,0.49,,,,,,firms,VIIRS,VIIRS_NOAA21_NRT
-2.9304,121.4606,2026-05-03,455,N21,n,2.0NRT,5.19,D,0.5,0.49,,,,,,firms,VIIRS,VIIRS_NOAA21_NRT
-2.44095,133.14188,2026-05-03,455,N21,n,2.0NRT,7.09,D,0.41,0.45,,,,,,firms,VIIRS,VIIRS_NOAA21_NRT
-2.01313,121.41991,2026-05-03,455,N21,n,2.0NRT,9.59,D,0.48,0.48,,,,,,firms,VIIRS,VIIRS_NOAA21_NRT
-2.01116,121.43282,2026-05-03,455,N21,n,2.0NRT,9.51,D,0.48,0.48,,,,,,firms,VIIRS,VIIRS_NOAA21_NRT
-2.0087,121.4194,2026-05-03,455,N21,n,2.0NRT,6.99,D,0.48,0.48,,,,,,firms,VIIRS,VIIRS_NOAA21_NRT
-2.00672,121.43233,2026-05-03,455,N21,n,2.0NRT,15.7,D,0.48,0.48,,,,,,firms,VIIRS,VIIRS_NOAA21_NRT
-1.73942,121.67765,2026-05-03,455,N21,n,2.0NRT,7.92,D,0.46,0.47,,,,,,firms,VIIRS,VIIRS_NOAA21_NRT
-1.38336,122.48166,2026-05-03,455,N21,n,2.0NRT,5.35,D,0.4,0.44,,,,,,firms,VIIRS,VIIRS_NOAA21_NRT
-1.38121,122.44091,2026-05-03,455,N21,n,2.0NRT,5.31,D,0.41,0.45,,,,,,firms,VIIRS,VIIRS_NOAA21_NRT
-1.04285,123.26886,2026-05-03,455,N21,n,2.0NRT,6.39,D,0.54,0.42,,,,,,firms,VIIRS,VIIRS_NOAA21_NRT
-0.91344,120.24699,2026-05-03,457,N21,n,2.0NRT,4.32,D,0.56,0.52,,,,,,firms,VIIRS,VIIRS_NOAA21_NRT
0.51698,122.69228,2026-05-03,457,N21,n,2.0NRT,5.02,D,0.55,0.43,,,,,,firms,VIIRS,VIIRS_NOAA21_NRT
0.51778,122.6975,2026-05-03,457,N21,n,2.0NRT,5.02,D,0.55,0.43,,,,,,firms,VIIRS,VIIRS_NOAA21_NRT
0.74634,117.07632,2026-05-03,457,N21,h,2.0NRT,19.45,D,0.44,0.62,,,,,,firms,VIIRS,VIIRS_NOAA21_NRT
0.7478,120.42472,2026-05-03,457,N21,n,2.0NRT,10.41,D,0.51,0.5,,,,,,firms,VIIRS,VIIRS_NOAA21_NRT
0.74877,117.07426,2026-05-03,457,N21,n,2.0NRT,9.97,D,0.44,0.62,,,,,,firms,VIIRS,VIIRS_NOAA21_NRT
0.74941,117.07821,2026-05-03,457,N21,n,2.0NRT,9.97,D,0.44,0.62,,,,,,firms,VIIRS,VIIRS_NOAA21_NRT
0.74945,120.42493,2026-05-03,457,N21,n,2.0NRT,7.78,D,0.51,0.5,,,,,,firms,VIIRS,VIIRS_NOAA21_NRT
0.86372,122.93156,2026-05-03,457,N21,n,2.0NRT,5.85,D,0.53,0.42,,,,,,firms,VIIRS,VIIRS_NOAA21_NRT
0.90929,116.7836,2026-05-03,457,N21,n,2.0NRT,6.88,D,0.46,0.64,,,,,,firms,VIIRS,VIIRS_NOAA21_NRT
0.91046,116.78509,2026-05-03,457,N21,n,2.0NRT,7.41,D,0.46,0.63,,,,,,firms,VIIRS,VIIRS_NOAA21_NRT
0.91992,121.41476,2026-05-03,457,N21,n,2.0NRT,6.73,D,0.44,0.46,,,,,,firms,VIIRS,VIIRS_NOAA21_NRT
1.02308,121.43501,2026-05-03,457,N21,n,2.0NRT,5.47,D,0.44,0.46,,,,,,firms,VIIRS,VIIRS_NOAA21_NRT
1.03228,121.49303,2026-05-03,457,N21,n,2.0NRT,10.65,D,0.43,0.46,,,,,,firms,VIIRS,VIIRS_NOAA21_NRT
1.03287,121.49676,2026-05-03,457,N21,n,2.0NRT,10.65,D,0.43,0.46,,,,,,firms,VIIRS,VIIRS_NOAA21_NRT
1.03838,117.81952,2026-05-03,457,N21,n,2.0NRT,2.96,D,0.39,0.59,,,,,,firms,VIIRS,VIIRS_NOAA21_NRT
1.05015,117.14359,2026-05-03,457,N21,n,2.0NRT,7.17,D,0.43,0.62,,,,,,firms,VIIRS,VIIRS_NOAA21_NRT
1.09579,117.18956,2026-05-03,457,N21,n,2.0NRT,5.57,D,0.43,0.62,,,,,,firms,VIIRS,VIIRS_NOAA21_NRT
1.09776,121.30457,2026-05-03,457,N21,n,2.0NRT,3.17,D,0.44,0.46,,,,,,firms,VIIRS,VIIRS_NOAA21_NRT
1.09782,117.1905,2026-05-03,457,N21,n,2.0NRT,9.56,D,0.43,0.62,,,,,,firms,VIIRS,VIIRS_NOAA21_NRT
1.14467,121.29979,2026-05-03,457,N21,n,2.0NRT,2.65,D,0.44,0.46,,,,,,firms,VIIRS,VIIRS_NOAA21_NRT
1.18893,117.1359,2026-05-03,457,N21,n,2.0NRT,13.08,D,0.43,0.62,,,,,,firms,VIIRS,VIIRS_NOAA21_NRT
1.19044,117.13367,2026-05-03,457,N21,h,2.0NRT,12.92,D,0.43,0.62,,,,,,firms,VIIRS,VIIRS_NOAA21_NRT
1.2697,118.66338,2026-05-03,457,N21,n,2.0NRT,3.11,D,0.33,0.56,,,,,,firms,VIIRS,VIIRS_NOAA21_NRT
1.29041,118.63016,2026-05-03,457,N21,n,2.0NRT,5.64,D,0.34,0.56,,,,,,firms,VIIRS,VIIRS_NOAA21_NRT
1.50775,118.12885,2026-05-03,457,N21,n,2.0NRT,2.79,D,0.36,0.57,,,,,,firms,VIIRS,VIIRS_NOAA21_NRT
1.57045,117.2158,2026-05-03,457,N21,n,2.0NRT,2.73,D,0.42,0.61,,,,,,firms,VIIRS,VIIRS_NOAA21_NRT
1.57494,118.07628,2026-05-03,457,N21,n,2.0NRT,2.09,D,0.36,0.58,,,,,,firms,VIIRS,VIIRS_NOAA21_NRT
1.99187,117.05537,2026-05-03,457,N21,n,2.0NRT,9.04,D,0.42,0.61,,,,,,firms,VIIRS,VIIRS_NOAA21_NRT
2.05919,117.33237,2026-05-03,457,N21,h,2.0NRT,8.7,D,0.4,0.6,,,,,,firms,VIIRS,VIIRS_NOAA21_NRT
2.18134,117.28245,2026-05-03,457,N21,n,2.0NRT,24.25,D,0.4,0.6,,,,,,firms,VIIRS,VIIRS_NOAA21_NRT
2.1819,117.28599,2026-05-03,457,N21,h,2.0NRT,30.57,D,0.4,0.6,,,,,,firms,VIIRS,VIIRS_NOAA21_NRT
2.18244,117.28459,2026-05-03,457,N21,h,2.0NRT,34.66,D,0.4,0.6,,,,,,firms,VIIRS,VIIRS_NOAA21_NRT
2.20077,116.98204,2026-05-03,457,N21,n,2.0NRT,8.49,D,0.42,0.61,,,,,,firms,VIIRS,VIIRS_NOAA21_NRT
2.27865,117.14776,2026-05-03,457,N21,n,2.0NRT,12.26,D,0.41,0.61,,,,,,firms,VIIRS,VIIRS_NOAA21_NRT
2.27889,117.14824,2026-05-03,457,N21,h,2.0NRT,19.99,D,0.41,0.61,,,,,,firms,VIIRS,VIIRS_NOAA21_NRT
2.27921,117.15132,2026-05-03,457,N21,n,2.0NRT,7.47,D,0.41,0.61,,,,,,firms,VIIRS,VIIRS_NOAA21_NRT
2.27949,117.15182,2026-05-03,457,N21,n,2.0NRT,14.79,D,0.41,0.61,,,,,,firms,VIIRS,VIIRS_NOAA21_NRT
2.33051,117.15227,2026-05-03,457,N21,n,2.0NRT,10.44,D,0.41,0.61,,,,,,firms,VIIRS,VIIRS_NOAA21_NRT
3.08597,117.19688,2026-05-03,457,N21,n,2.0NRT,2.4,D,0.4,0.6,,,,,,firms,VIIRS,VIIRS_NOAA21_NRT
3.2424,116.50807,2026-05-03,457,N21,n,2.0NRT,2.34,D,0.44,0.62,,,,,,firms,VIIRS,VIIRS_NOAA21_NRT
3.95152,117.04909,2026-05-03,457,N21,n,2.0NRT,4.71,D,0.39,0.6,,,,,,firms,VIIRS,VIIRS_NOAA21_NRT
4.32093,117.22622,2026-05-03,457,N21,n,2.0NRT,6.31,D,0.38,0.58,,,,,,firms,VIIRS,VIIRS_NOAA21_NRT
4.325,117.22603,2026-05-03,457,N21,n,2.0NRT,6.52,D,0.38,0.58,,,,,,firms,VIIRS,VIIRS_NOAA21_NRT
4.9618,114.90213,2026-05-03,457,N21,n,2.0NRT,4.7,D,0.53,0.67,,,,,,firms,VIIRS,VIIRS_NOAA21_NRT
4.97799,112.97688,2026-05-03,457,N21,n,2.0NRT,7.78,D,0.72,0.76,,,,,,firms,VIIRS,VIIRS_NOAA21_NRT
5.21197,114.74248,2026-05-03,457,N21,n,2.0NRT,4.44,D,0.54,0.68,,,,,,firms,VIIRS,VIIRS_NOAA21_NRT
5.28156,116.75177,2026-05-03,457,N21,n,2.0NRT,2.89,D,0.39,0.59,,,,,,firms,VIIRS,VIIRS_NOAA21_NRT
5.6184,125.43324,2026-05-03,457,N21,n,2.0NRT,2.46,D,0.39,0.36,,,,,,firms,VIIRS,VIIRS_NOAA21_NRT
-6.34224,107.14865,2026-05-03,635,N21,n,2.0NRT,4.33,D,0.5,0.41,,,,,,firms,VIIRS,VIIRS_NOAA21_NRT
-4.12039,102.59628,2026-05-03,637,N21,n,2.0NRT,4.32,D,0.38,0.36,,,,,,firms,VIIRS,VIIRS_NOAA21_NRT
-2.4416,102.52682,2026-05-03,637,N21,n,2.0NRT,2.47,D,0.38,0.36,,,,,,firms,VIIRS,VIIRS_NOAA21_NRT
-2.32468,100.92202,2026-05-03,637,N21,n,2.0NRT,3.7,D,0.4,0.37,,,,,,firms,VIIRS,VIIRS_NOAA21_NRT
-1.82036,102.42941,2026-05-03,637,N21,n,2.0NRT,3.21,D,0.38,0.36,,,,,,firms,VIIRS,VIIRS_NOAA21_NRT
-1.25671,102.5792,2026-05-03,637,N21,n,2.0NRT,3.15,D,0.38,0.36,,,,,,firms,VIIRS,VIIRS_NOAA21_NRT
-1.03341,109.46909,2026-05-03,637,N21,n,2.0NRT,7.12,D,0.56,0.51,,,,,,firms,VIIRS,VIIRS_NOAA21_NRT
-1.03267,109.474,2026-05-03,637,N21,n,2.0NRT,7.15,D,0.56,0.51,,,,,,firms,VIIRS,VIIRS_NOAA21_NRT
-1.03047,109.47166,2026-05-03,637,N21,n,2.0NRT,7.24,D,0.56,0.51,,,,,,firms,VIIRS,VIIRS_NOAA21_NRT
-0.34831,103.3166,2026-05-03,637,N21,n,2.0NRT,3.88,D,0.4,0.37,,,,,,firms,VIIRS,VIIRS_NOAA21_NRT
0.81834,100.34594,2026-05-03,637,N21,n,2.0NRT,2.45,D,0.4,0.37,,,,,,firms,VIIRS,VIIRS_NOAA21_NRT
2.7071,102.32552,2026-05-03,640,N21,n,2.0NRT,6.02,D,0.39,0.36,,,,,,firms,VIIRS,VIIRS_NOAA21_NRT
2.78037,102.67464,2026-05-03,640,N21,n,2.0NRT,5.26,D,0.4,0.37,,,,,,firms,VIIRS,VIIRS_NOAA21_NRT
3.05053,101.38612,2026-05-03,640,N21,n,2.0NRT,4.24,D,0.38,0.36,,,,,,firms,VIIRS,VIIRS_NOAA21_NRT
3.29629,102.87801,2026-05-03,640,N21,n,2.0NRT,3.97,D,0.41,0.37,,,,,,firms,VIIRS,VIIRS_NOAA21_NRT
3.29684,102.88172,2026-05-03,640,N21,n,2.0NRT,3.97,D,0.41,0.37,,,,,,firms,VIIRS,VIIRS_NOAA21_NRT
3.60637,112.4143,2026-05-03,640,N21,n,2.0NRT,8.36,D,0.53,0.67,,,,,,firms,VIIRS,VIIRS_NOAA21_NRT
3.60654,112.41307,2026-05-03,640,N21,n,2.0NRT,5.37,D,0.53,0.67,,,,,,firms,VIIRS,VIIRS_NOAA21_NRT
3.6555,101.07012,2026-05-03,640,N21,n,2.0NRT,4.13,D,0.38,0.36,,,,,,firms,VIIRS,VIIRS_NOAA21_NRT
3.66655,98.1302,2026-05-03,640,N21,n,2.0NRT,3.73,D,0.46,0.39,,,,,,firms,VIIRS,VIIRS_NOAA21_NRT
3.98737,101.7995,2026-05-03,640,N21,n,2.0NRT,5.13,D,0.39,0.36,,,,,,firms,VIIRS,VIIRS_NOAA21_NRT
4.00698,103.34444,2026-05-03,640,N21,n,2.0NRT,4.27,D,0.43,0.38,,,,,,firms,VIIRS,VIIRS_NOAA21_NRT
4.01353,113.83949,2026-05-03,640,N21,n,2.0NRT,6.29,D,0.67,0.74,,,,,,firms,VIIRS,VIIRS_NOAA21_NRT
4.39534,102.65578,2026-05-03,640,N21,n,2.0NRT,6.57,D,0.41,0.37,,,,,,firms,VIIRS,VIIRS_NOAA21_NRT
4.49755,102.56647,2026-05-03,640,N21,n,2.0NRT,14.04,D,0.4,0.37,,,,,,firms,VIIRS,VIIRS_NOAA21_NRT
4.57488,103.29585,2026-05-03,640,N21,n,2.0NRT,5.45,D,0.43,0.38,,,,,,firms,VIIRS,VIIRS_NOAA21_NRT
4.89685,97.25146,2026-05-03,640,N21,n,2.0NRT,2.96,D,0.49,0.4,,,,,,firms,VIIRS,VIIRS_NOAA21_NRT
4.93277,102.16212,2026-05-03,640,N21,n,2.0NRT,3.77,D,0.4,0.37,,,,,,firms,VIIRS,VIIRS_NOAA21_NRT
5.14245,101.92697,2026-05-03,640,N21,n,2.0NRT,4.34,D,0.39,0.36,,,,,,firms,VIIRS,VIIRS_NOAA21_NRT
5.37738,103.05305,2026-05-03,640,N21,n,2.0NRT,5.88,D,0.43,0.38,,,,,,firms,VIIRS,VIIRS_NOAA21_NRT
5.37992,103.05264,2026-05-03,640,N21,n,2.0NRT,5.88,D,0.43,0.38,,,,,,firms,VIIRS,VIIRS_NOAA21_NRT
5.38216,103.06792,2026-05-03,640,N21,n,2.0NRT,2.01,D,0.43,0.38,,,,,,firms,VIIRS,VIIRS_NOAA21_NRT
5.39432,103.0544,2026-05-03,640,N21,n,2.0NRT,5.84,D,0.43,0.38,,,,,,firms,VIIRS,VIIRS_NOAA21_NRT
5.55236,102.88782,2026-05-03,640,N21,n,2.0NRT,2.63,D,0.42,0.38,,,,,,firms,VIIRS,VIIRS_NOAA21_NRT
5.58462,102.77562,2026-05-03,640,N21,n,2.0NRT,0.98,D,0.42,0.38,,,,,,firms,VIIRS,VIIRS_NOAA21_NRT
5.59323,102.76286,2026-05-03,640,N21,n,2.0NRT,3.29,D,0.42,0.37,,,,,,firms,VIIRS,VIIRS_NOAA21_NRT
5.70354,102.4923,2026-05-03,640,N21,n,2.0NRT,2.16,D,0.41,0.37,,,,,,firms,VIIRS,VIIRS_NOAA21_NRT
5.72734,102.65108,2026-05-03,640,N21,n,2.0NRT,2.3,D,0.41,0.37,,,,,,firms,VIIRS,VIIRS_NOAA21_NRT
5.73076,102.65057,2026-05-03,640,N21,n,2.0NRT,2.3,D,0.41,0.37,,,,,,firms,VIIRS,VIIRS_NOAA21_NRT
5.77766,102.47022,2026-05-03,640,N21,n,2.0NRT,2.52,D,0.41,0.37,,,,,,firms,VIIRS,VIIRS_NOAA21_NRT
5.87331,102.45202,2026-05-03,640,N21,n,2.0NRT,5.4,D,0.41,0.37,,,,,,firms,VIIRS,VIIRS_NOAA21_NRT
5.21479,114.74149,2026-05-03,1737,N21,n,2.0NRT,4.57,N,0.48,0.4,,,,,,firms,VIIRS,VIIRS_NOAA21_NRT
5.42878,114.71248,2026-05-03,1737,N21,n,2.0NRT,4.4,N,0.48,0.4,,,,,,firms,VIIRS,VIIRS_NOAA21_NRT
5.56424,114.98423,2026-05-03,1737,N21,n,2.0NRT,2.98,N,0.47,0.4,,,,,,firms,VIIRS,VIIRS_NOAA21_NRT
5.61952,114.88814,2026-05-03,1737,N21,n,2.0NRT,2.65,N,0.48,0.4,,,,,,firms,VIIRS,VIIRS_NOAA21_NRT
-2.8795,122.15546,2026-05-03,1739,N21,n,2.0NRT,1.11,N,0.44,0.46,,,,,,firms,VIIRS,VIIRS_NOAA21_NRT
-2.87649,122.16427,2026-05-03,1739,N21,n,2.0NRT,1.44,N,0.44,0.46,,,,,,firms,VIIRS,VIIRS_NOAA21_NRT
-2.83294,122.16212,2026-05-03,1739,N21,n,2.0NRT,1.92,N,0.44,0.46,,,,,,firms,VIIRS,VIIRS_NOAA21_NRT
-2.8305,122.17446,2026-05-03,1739,N21,n,2.0NRT,4.37,N,0.44,0.46,,,,,,firms,VIIRS,VIIRS_NOAA21_NRT
-2.82507,122.13904,2026-05-03,1739,N21,n,2.0NRT,2.56,N,0.44,0.46,,,,,,firms,VIIRS,VIIRS_NOAA21_NRT
-2.82268,122.15165,2026-05-03,1739,N21,n,2.0NRT,0.33,N,0.44,0.46,,,,,,firms,VIIRS,VIIRS_NOAA21_NRT
-2.14148,115.30653,2026-05-03,1739,N21,n,2.0NRT,0.58,N,0.4,0.37,,,,,,firms,VIIRS,VIIRS_NOAA21_NRT
-2.06056,115.57133,2026-05-03,1739,N21,n,2.0NRT,1.09,N,0.39,0.36,,,,,,firms,VIIRS,VIIRS_NOAA21_NRT
-1.89577,115.86497,2026-05-03,1739,N21,n,2.0NRT,5.29,N,0.39,0.36,,,,,,firms,VIIRS,VIIRS_NOAA21_NRT
-1.89245,115.86549,2026-05-03,1739,N21,n,2.0NRT,5.77,N,0.39,0.36,,,,,,firms,VIIRS,VIIRS_NOAA21_NRT
-1.89191,115.86201,2026-05-03,1739,N21,n,2.0NRT,5.7,N,0.39,0.36,,,,,,firms,VIIRS,VIIRS_NOAA21_NRT
-1.88914,115.86599,2026-05-03,1739,N21,n,2.0NRT,5.77,N,0.39,0.36,,,,,,firms,VIIRS,VIIRS_NOAA21_NRT
-1.86529,115.88764,2026-05-03,1739,N21,n,2.0NRT,0.76,N,0.39,0.36,,,,,,firms,VIIRS,VIIRS_NOAA21_NRT
-1.60572,112.51944,2026-05-03,1739,N21,n,2.0NRT,1.46,N,0.52,0.42,,,,,,firms,VIIRS,VIIRS_NOAA21_NRT
-1.5738,127.42864,2026-05-03,1739,N21,n,2.0NRT,1.11,N,0.49,0.65,,,,,,firms,VIIRS,VIIRS_NOAA21_NRT
-1.57149,127.42834,2026-05-03,1739,N21,n,2.0NRT,2.13,N,0.49,0.65,,,,,,firms,VIIRS,VIIRS_NOAA21_NRT
-1.56784,127.42937,2026-05-03,1739,N21,n,2.0NRT,2.54,N,0.49,0.65,,,,,,firms,VIIRS,VIIRS_NOAA21_NRT
-1.49361,114.58302,2026-05-03,1739,N21,n,2.0NRT,0.89,N,0.42,0.38,,,,,,firms,VIIRS,VIIRS_NOAA21_NRT
-1.47924,114.58135,2026-05-03,1739,N21,n,2.0NRT,1.4,N,0.42,0.38,,,,,,firms,VIIRS,VIIRS_NOAA21_NRT
-1.45623,127.43812,2026-05-03,1739,N21,n,2.0NRT,3.14,N,0.49,0.65,,,,,,firms,VIIRS,VIIRS_NOAA21_NRT
-1.45567,127.4345,2026-05-03,1739,N21,n,2.0NRT,3.29,N,0.49,0.65,,,,,,firms,VIIRS,VIIRS_NOAA21_NRT
-1.34339,113.08826,2026-05-03,1739,N21,n,2.0NRT,0.83,N,0.49,0.4,,,,,,firms,VIIRS,VIIRS_NOAA21_NRT
-1.30197,113.3933,2026-05-03,1739,N21,n,2.0NRT,0.9,N,0.47,0.4,,,,,,firms,VIIRS,VIIRS_NOAA21_NRT
-1.24739,116.81215,2026-05-03,1739,N21,n,2.0NRT,2.92,N,0.38,0.36,,,,,,firms,VIIRS,VIIRS_NOAA21_NRT
-1.1982,114.73513,2026-05-03,1739,N21,n,2.0NRT,0.65,N,0.42,0.37,,,,,,firms,VIIRS,VIIRS_NOAA21_NRT
-0.93001,115.80167,2026-05-03,1739,N21,n,2.0NRT,1.1,N,0.39,0.36,,,,,,firms,VIIRS,VIIRS_NOAA21_NRT
-0.79216,116.20392,2026-05-03,1739,N21,n,2.0NRT,0.52,N,0.39,0.36,,,,,,firms,VIIRS,VIIRS_NOAA21_NRT
-0.77177,115.85455,2026-05-03,1739,N21,n,2.0NRT,0.66,N,0.39,0.36,,,,,,firms,VIIRS,VIIRS_NOAA21_NRT
-0.70828,117.06177,2026-05-03,1739,N21,n,2.0NRT,1.39,N,0.38,0.36,,,,,,firms,VIIRS,VIIRS_NOAA21_NRT
-0.66138,119.88432,2026-05-03,1739,N21,n,2.0NRT,1.0,N,0.46,0.39,,,,,,firms,VIIRS,VIIRS_NOAA21_NRT
0.09793,117.4763,2026-05-03,1739,N21,n,2.0NRT,1.6,N,0.39,0.36,,,,,,firms,VIIRS,VIIRS_NOAA21_NRT
0.47875,127.99277,2026-05-03,1739,N21,n,2.0NRT,2.37,N,0.5,0.65,,,,,,firms,VIIRS,VIIRS_NOAA21_NRT
0.47945,127.9884,2026-05-03,1739,N21,n,2.0NRT,2.37,N,0.5,0.65,,,,,,firms,VIIRS,VIIRS_NOAA21_NRT
0.48165,127.99272,2026-05-03,1739,N21,n,2.0NRT,5.6,N,0.5,0.65,,,,,,firms,VIIRS,VIIRS_NOAA21_NRT
0.48232,127.98832,2026-05-03,1739,N21,n,2.0NRT,4.88,N,0.5,0.65,,,,,,firms,VIIRS,VIIRS_NOAA21_NRT
0.4862,127.9845,2026-05-03,1739,N21,n,2.0NRT,5.6,N,0.49,0.65,,,,,,firms,VIIRS,VIIRS_NOAA21_NRT
0.48769,127.97514,2026-05-03,1739,N21,n,2.0NRT,3.0,N,0.49,0.65,,,,,,firms,VIIRS,VIIRS_NOAA21_NRT
0.51127,117.24551,2026-05-03,1739,N21,n,2.0NRT,1.34,N,0.38,0.36,,,,,,firms,VIIRS,VIIRS_NOAA21_NRT
0.51269,127.89509,2026-05-03,1739,N21,n,2.0NRT,2.06,N,0.49,0.65,,,,,,firms,VIIRS,VIIRS_NOAA21_NRT
0.67567,117.56596,2026-05-03,1739,N21,n,2.0NRT,5.29,N,0.39,0.36,,,,,,firms,VIIRS,VIIRS_NOAA21_NRT
0.68335,117.56011,2026-05-03,1739,N21,n,2.0NRT,2.82,N,0.39,0.36,,,,,,firms,VIIRS,VIIRS_NOAA21_NRT
0.69156,117.55083,2026-05-03,1739,N21,n,2.0NRT,3.15,N,0.39,0.36,,,,,,firms,VIIRS,VIIRS_NOAA21_NRT
0.70492,117.465,2026-05-03,1739,N21,n,2.0NRT,2.79,N,0.38,0.36,,,,,,firms,VIIRS,VIIRS_NOAA21_NRT
0.89452,124.08187,2026-05-03,1739,N21,n,2.0NRT,1.21,N,0.52,0.5,,,,,,firms,VIIRS,VIIRS_NOAA21_NRT
1.48569,117.25765,2026-05-03,1739,N21,n,2.0NRT,1.51,N,0.38,0.36,,,,,,firms,VIIRS,VIIRS_NOAA21_NRT
1.4898,127.63789,2026-05-03,1739,N21,n,2.0NRT,3.4,N,0.45,0.63,,,,,,firms,VIIRS,VIIRS_NOAA21_NRT
1.49048,127.63377,2026-05-03,1739,N21,n,2.0NRT,4.33,N,0.45,0.63,,,,,,firms,VIIRS,VIIRS_NOAA21_NRT
1.49466,127.63704,2026-05-03,1739,N21,h,2.0NRT,12.59,N,0.45,0.63,,,,,,firms,VIIRS,VIIRS_NOAA21_NRT
1.49529,127.63303,2026-05-03,1739,N21,n,2.0NRT,12.59,N,0.45,0.63,,,,,,firms,VIIRS,VIIRS_NOAA21_NRT
1.49542,127.63954,2026-05-03,1739,N21,n,2.0NRT,12.3,N,0.45,0.63,,,,,,firms,VIIRS,VIIRS_NOAA21_NRT
1.49616,127.63501,2026-05-03,1739,N21,n,2.0NRT,15.61,N,0.45,0.63,,,,,,firms,VIIRS,VIIRS_NOAA21_NRT
1.92275,117.29078,2026-05-03,1739,N21,n,2.0NRT,1.25,N,0.38,0.36,,,,,,firms,VIIRS,VIIRS_NOAA21_NRT
1.92935,117.29181,2026-05-03,1739,N21,n,2.0NRT,1.31,N,0.38,0.36,,,,,,firms,VIIRS,VIIRS_NOAA21_NRT
1.95261,109.52358,2026-05-03,1739,N21,n,2.0NRT,1.47,N,0.62,0.54,,,,,,firms,VIIRS,VIIRS_NOAA21_NRT
2.27916,117.99704,2026-05-03,1739,N21,n,2.0NRT,0.75,N,0.39,0.36,,,,,,firms,VIIRS,VIIRS_NOAA21_NRT
2.28203,117.15013,2026-05-03,1739,N21,n,2.0NRT,0.9,N,0.39,0.36,,,,,,firms,VIIRS,VIIRS_NOAA21_NRT
2.31006,117.14389,2026-05-03,1739,N21,n,2.0NRT,1.13,N,0.39,0.36,,,,,,firms,VIIRS,VIIRS_NOAA21_NRT
2.31925,117.10654,2026-05-03,1739,N21,n,2.0NRT,1.16,N,0.39,0.36,,,,,,firms,VIIRS,VIIRS_NOAA21_NRT
2.31979,117.10309,2026-05-03,1739,N21,n,2.0NRT,1.16,N,0.39,0.36,,,,,,firms,VIIRS,VIIRS_NOAA21_NRT
2.36063,116.86197,2026-05-03,1739,N21,n,2.0NRT,1.29,N,0.39,0.36,,,,,,firms,VIIRS,VIIRS_NOAA21_NRT
3.54448,113.35039,2026-05-03,1739,N21,n,2.0NRT,1.46,N,0.55,0.43,,,,,,firms,VIIRS,VIIRS_NOAA21_NRT
3.6057,112.40968,2026-05-03,1739,N21,n,2.0NRT,9.09,N,0.42,0.45,,,,,,firms,VIIRS,VIIRS_NOAA21_NRT
4.37546,117.5119,2026-05-03,1739,N21,n,2.0NRT,2.39,N,0.39,0.36,,,,,,firms,VIIRS,VIIRS_NOAA21_NRT
4.42085,114.01823,2026-05-03,1739,N21,n,2.0NRT,3.81,N,0.51,0.41,,,,,,firms,VIIRS,VIIRS_NOAA21_NRT
4.42463,114.01879,2026-05-03,1739,N21,n,2.0NRT,14.23,N,0.51,0.41,,,,,,firms,VIIRS,VIIRS_NOAA21_NRT
4.67709,114.4822,2026-05-03,1739,N21,n,2.0NRT,1.81,N,0.49,0.4,,,,,,firms,VIIRS,VIIRS_NOAA21_NRT
4.73984,113.72908,2026-05-03,1739,N21,n,2.0NRT,4.81,N,0.54,0.42,,,,,,firms,VIIRS,VIIRS_NOAA21_NRT
4.97766,112.98235,2026-05-03,1739,N21,n,2.0NRT,3.9,N,0.4,0.44,,,,,,firms,VIIRS,VIIRS_NOAA21_NRT
4.978,112.98212,2026-05-03,1739,N21,n,2.0NRT,9.91,N,0.4,0.44,,,,,,firms,VIIRS,VIIRS_NOAA21_NRT
4.97821,112.97875,2026-05-03,1739,N21,n,2.0NRT,3.9,N,0.4,0.44,,,,,,firms,VIIRS,VIIRS_NOAA21_NRT
5.49813,105.20964,2026-05-03,1739,N21,n,2.0NRT,3.31,N,0.7,0.75,,,,,,firms,VIIRS,VIIRS_NOAA21_NRT
5.49899,105.20334,2026-05-03,1739,N21,n,2.0NRT,3.86,N,0.7,0.75,,,,,,firms,VIIRS,VIIRS_NOAA21_NRT
-8.91904,116.44156,2026-05-03,1741,N21,n,2.0NRT,1.37,N,0.4,0.37,,,,,,firms,VIIRS,VIIRS_NOAA21_NRT
-8.71694,117.53756,2026-05-03,1741,N21,n,2.0NRT,0.63,N,0.43,0.38,,,,,,firms,VIIRS,VIIRS_NOAA21_NRT
-8.11514,112.92546,2026-05-03,1741,N21,n,2.0NRT,3.68,N,0.43,0.38,,,,,,firms,VIIRS,VIIRS_NOAA21_NRT
-8.11456,112.92187,2026-05-03,1741,N21,n,2.0NRT,6.72,N,0.43,0.38,,,,,,firms,VIIRS,VIIRS_NOAA21_NRT
-8.11174,112.92636,2026-05-03,1741,N21,n,2.0NRT,3.68,N,0.43,0.38,,,,,,firms,VIIRS,VIIRS_NOAA21_NRT
-8.11116,112.92272,2026-05-03,1741,N21,n,2.0NRT,6.72,N,0.43,0.38,,,,,,firms,VIIRS,VIIRS_NOAA21_NRT
-7.54579,110.43937,2026-05-03,1741,N21,n,2.0NRT,0.84,N,0.39,0.44,,,,,,firms,VIIRS,VIIRS_NOAA21_NRT
-7.54193,110.44072,2026-05-03,1741,N21,n,2.0NRT,3.57,N,0.39,0.44,,,,,,firms,VIIRS,VIIRS_NOAA21_NRT
-7.36532,112.46284,2026-05-03,1741,N21,n,2.0NRT,0.99,N,0.45,0.39,,,,,,firms,VIIRS,VIIRS_NOAA21_NRT
-6.18417,106.35413,2026-05-03,1741,N21,n,2.0NRT,0.96,N,0.38,0.59,,,,,,firms,VIIRS,VIIRS_NOAA21_NRT
-3.0854,115.12309,2026-05-03,1741,N21,n,2.0NRT,0.52,N,0.4,0.37,,,,,,firms,VIIRS,VIIRS_NOAA21_NRT
-3.08205,115.1236,2026-05-03,1741,N21,n,2.0NRT,0.43,N,0.4,0.37,,,,,,firms,VIIRS,VIIRS_NOAA21_NRT
-3.00885,104.83249,2026-05-03,1741,N21,n,2.0NRT,0.67,N,0.55,0.68,,,,,,firms,VIIRS,VIIRS_NOAA21_NRT
-2.99982,115.20515,2026-05-03,1741,N21,n,2.0NRT,1.19,N,0.39,0.37,,,,,,firms,VIIRS,VIIRS_NOAA21_NRT
-2.94092,115.24008,2026-05-03,1741,N21,n,2.0NRT,1.9,N,0.39,0.37,,,,,,firms,VIIRS,VIIRS_NOAA21_NRT
-2.88575,115.25941,2026-05-03,1741,N21,n,2.0NRT,1.63,N,0.39,0.36,,,,,,firms,VIIRS,VIIRS_NOAA21_NRT
-2.88519,115.25587,2026-05-03,1741,N21,n,2.0NRT,3.1,N,0.39,0.36,,,,,,firms,VIIRS,VIIRS_NOAA21_NRT
3.99338,103.13882,2026-05-03,1917,N21,n,2.0NRT,0.86,N,0.47,0.64,,,,,,firms,VIIRS,VIIRS_NOAA21_NRT
4.55405,103.4576,2026-05-03,1917,N21,n,2.0NRT,2.39,N,0.49,0.65,,,,,,firms,VIIRS,VIIRS_NOAA21_NRT
4.56068,103.45436,2026-05-03,1917,N21,n,2.0NRT,2.39,N,0.49,0.65,,,,,,firms,VIIRS,VIIRS_NOAA21_NRT
4.5643,103.4564,2026-05-03,1917,N21,n,2.0NRT,14.2,N,0.49,0.65,,,,,,firms,VIIRS,VIIRS_NOAA21_NRT
4.56506,103.4521,2026-05-03,1917,N21,n,2.0NRT,14.2,N,0.49,0.65,,,,,,firms,VIIRS,VIIRS_NOAA21_NRT
4.56657,103.45546,2026-05-03,1917,N21,h,2.0NRT,23.53,N,0.49,0.65,,,,,,firms,VIIRS,VIIRS_NOAA21_NRT
5.49747,105.21007,2026-05-03,1917,N21,n,2.0NRT,3.04,N,0.62,0.71,,,,,,firms,VIIRS,VIIRS_NOAA21_NRT
5.76405,102.25445,2026-05-03,1917,N21,n,2.0NRT,0.35,N,0.38,0.59,,,,,,firms,VIIRS,VIIRS_NOAA21_NRT
5.76661,102.25278,2026-05-03,1917,N21,n,2.0NRT,0.27,N,0.38,0.59,,,,,,firms,VIIRS,VIIRS_NOAA21_NRT
-3.50671,103.34054,2026-05-03,1919,N21,n,2.0NRT,0.88,N,0.64,0.72,,,,,,firms,VIIRS,VIIRS_NOAA21_NRT
-2.10362,103.80053,2026-05-03,1919,N21,n,2.0NRT,1.07,N,0.66,0.73,,,,,,firms,VIIRS,VIIRS_NOAA21_NRT
-2.10077,103.8013,2026-05-03,1919,N21,n,2.0NRT,0.79,N,0.66,0.73,,,,,,firms,VIIRS,VIIRS_NOAA21_NRT
-1.56238,103.69551,2026-05-03,1919,N21,n,2.0NRT,0.79,N,0.63,0.72,,,,,,firms,VIIRS,VIIRS_NOAA21_NRT
